V28,V29,V30,V31,V32,V33,V34,V35,V36,V37,V38,V39,V40,V41,V42,V43,V44,V45,V46,V47,V48,V49,V50,V51,V52,V53,V54,time1
5,5,5,5,5,5,5,5,5,5,5,5,5,5,5,5,5,5,5,5,5,5,5,5,5,5,5,20
3,5,5,1,1,1,1,5,5,4,5,5,4,5,4,1,5,4,5,2,5,3,1,5,2,4,5,6
3,4,4,0,4,3,4,4,5,4,3,4,4,3,4,4,4,3,4,3,4,5,4,4,3,4,4,16
5,5,5,4,5,3,4,5,5,5,5,5,5,5,5,4,5,5,5,5,5,2,4,5,5,5,5,10
4,3,4,4,3,3,4,3,5,4,3,4,4,3,4,4,4,3,4,3,3,3,4,5,4,3,4,24
4,4,4,4,4,4,3,3,3,4,4,5,4,3,3,2,3,4,4,4,4,4,4,4,4,3,4,5
5,4,3,4,4,3,3,4,4,4,5,5,5,4,4,4,5,5,5,5,5,5,5,5,5,5,5,8
5,5,5,4,5,5,5,5,5,5,5,5,5,5,5,5,5,5,5,5,5,5,5,5,5,5,5,18
3,3,2,4,5,5,4,4,3,3,2,3,4,4,3,3,3,3,4,4,4,3,3,4,5,4,3,14
5,3,5,4,5,3,3,5,5,5,5,5,5,5,5,2,5,5,3,5,5,5,3,5,3,5,5,9
5,5,5,5,5,5,5,5,5,5,5,5,5,5,5,1,5,5,5,3,5,4,5,5,1,5,5,36
5,4,5,5,5,3,3,5,5,5,5,5,5,5,5,3,5,4,1,5,5,5,3,5,5,5,5,7
3,3,1,3,3,3,3,3,3,3,3,3,3,3,3,5,3,3,3,3,3,3,3,3,3,3,3,17
1,1,4,4,1,1,1,3,3,4,4,4,4,4,3,2,5,3,1,5,1,4,1,5,1,1,2,6
4,4,4,4,4,4,4,4,4,4,4,4,4,4,4,4,4,4,4,4,4,4,4,4,4,4,4,7
3,2,1,3,3,1,1,3,3,3,3,4,4,4,4,1,4,4,1,1,1,2,2,4,2,1,3,3
5,5,5,3,5,3,5,5,5,5,5,5,5,5,5,5,5,5,5,5,5,5,5,5,5,5,5,6
3,3,3,3,3,3,3,3,3,3,3,3,3,3,3,3,3,3,3,3,3,3,3,3,3,3,3,18
4,2,2,2,3,2,2,4,4,4,3,4,4,4,3,2,4,5,2,2,3,4,3,4,2,3,3,6
5,5,5,5,5,5,5,5,5,5,5,5,5,5,5,5,5,5,5,5,5,5,5,5,5,5,5,32
4,4,3,3,4,5,4,4,2,3,3,4,5,4,4,2,2,3,4,4,3,4,4,3,3,2,5,12
5,4,3,2,5,1,5,2,4,4,5,3,4,4,3,4,4,2,5,5,2,1,5,5,3,1,4,6
3,3,3,2,1,1,1,5,3,4,3,3,4,4,3,1,4,4,1,3,4,4,2,4,2,3,4,6
4,5,5,4,4,5,5,5,4,4,4,3,3,4,4,5,4,4,4,3,3,4,4,4,5,4,4,19
4,5,4,5,4,3,3,5,5,5,5,5,5,5,5,2,5,5,3,3,5,4,3,5,3,4,3,4
4,4,5,4,4,4,4,5,5,5,5,5,5,5,5,4,4,5,5,5,4,4,4,4,4,4,4,27
5,5,5,5,5,5,5,5,5,5,5,5,5,5,5,5,1,1,5,5,5,5,5,5,5,5,5,14
3,5,5,1,1,1,3,3,5,5,5,4,2,4,2,1,4,5,2,4,3,1,1,5,5,4,5,11
5,5,4,2,1,3,3,3,3,4,5,4,4,3,3,4,3,3,3,4,5,4,4,5,3,3,4,12
4,1,2,4,2,1,1,3,3,3,3,4,5,4,3,1,4,2,2,4,3,4,3,4,4,2,1,5
5,3,3,4,5,4,1,2,4,5,5,3,5,3,4,4,3,3,2,4,5,1,5,4,3,5,4,4
5,4,4,5,4,4,4,5,3,4,5,3,4,3,4,5,5,4,3,4,4,5,3,4,3,4,4,22
2,2,2,3,3,3,3,3,3,3,3,3,3,3,3,3,2,2,2,2,3,2,2,3,2,2,2,-1
4,4,4,3,4,4,4,5,5,5,4,4,4,3,3,3,4,4,4,3,3,3,5,4,3,5,4,27
3,3,4,3,3,4,4,4,3,3,3,3,3,3,3,4,5,3,3,3,4,4,4,4,4,3,3,24
5,5,5,4,4,4,5,4,4,4,4,4,5,5,5,5,4,4,4,4,4,5,5,5,5,5,5,4
3,2,3,5,4,3,3,4,4,3,3,4,4,4,3,3,1,1,1,2,3,4,3,3,4,4,3,2
4,4,4,2,3,2,1,5,4,4,4,4,5,4,2,2,5,4,1,2,4,4,4,4,3,4,3,7
4,4,5,4,4,4,4,5,5,5,5,5,5,5,5,5,4,5,5,5,4,3,4,4,4,4,4,16
3,4,3,2,4,3,3,3,4,3,4,4,4,4,4,3,5,5,2,0,3,4,3,4,3,4,3,3
4,3,3,3,3,4,4,3,3,3,3,3,4,4,3,3,4,3,3,3,4,4,3,3,3,4,4,4
2,3,4,5,4,4,3,3,3,2,2,1,1,2,3,4,5,5,5,4,4,3,3,3,4,3,2,24
4,3,5,4,4,4,3,5,5,4,4,3,5,5,3,5,4,5,5,3,4,4,4,5,3,5,5,25
3,3,4,5,3,2,3,2,3,5,4,3,4,5,4,5,5,3,5,4,3,2,3,4,3,2,3,10
5,5,5,5,5,5,5,5,5,5,5,5,5,5,5,5,5,4,5,5,5,4,4,5,5,5,5,15
5,3,3,4,3,1,1,5,3,5,5,5,5,5,4,3,5,5,5,3,5,5,1,5,4,4,4,6
5,3,3,4,3,2,2,4,3,5,3,5,5,5,5,2,5,5,2,5,5,5,3,5,3,5,5,7
2,2,3,3,2,2,2,3,3,3,3,4,4,4,4,4,4,4,3,3,3,3,3,3,3,2,2,24
4,4,5,1,2,2,2,5,4,4,4,4,4,4,4,4,5,4,1,2,5,5,2,4,4,4,4,25
5,4,2,2,4,2,4,5,4,4,4,4,4,3,3,3,5,5,2,4,4,4,3,4,4,4,2,10
4,4,4,3,4,4,1,4,3,4,4,4,4,4,4,2,4,4,3,3,4,4,3,4,3,2,3,2
5,5,4,4,4,5,5,5,4,5,4,4,4,5,5,5,4,4,5,5,5,4,5,4,4,5,5,9
4,4,4,5,4,4,4,4,4,4,4,5,4,4,4,4,4,4,5,5,4,4,4,5,4,4,4,18
3,2,3,3,2,4,3,2,3,4,2,3,2,4,3,2,3,2,4,3,2,3,2,4,3,2,4,11
4,5,5,4,5,4,4,5,5,4,5,4,5,5,5,4,5,3,4,4,4,5,4,5,4,5,5,4
5,4,4,4,5,2,4,4,4,5,5,4,5,5,4,4,5,5,4,4,4,4,3,5,4,4,5,7
3,3,3,3,3,3,3,3,3,3,3,3,3,3,3,3,3,3,3,3,3,3,3,3,3,3,3,5
4,4,4,4,5,5,4,4,5,5,4,5,5,5,4,4,3,4,4,4,5,4,5,5,5,4,5,28
4,4,4,3,4,4,5,5,4,5,4,5,5,5,5,3,5,4,3,5,4,5,3,4,3,5,3,5
4,5,5,5,5,4,3,4,5,5,5,5,5,5,5,2,5,5,4,3,5,5,4,5,5,4,4,7
4,2,3,1,2,1,1,4,5,4,5,4,5,4,4,1,5,2,1,4,5,1,1,5,4,3,1,5
3,3,4,4,3,1,1,5,5,4,4,4,4,5,5,1,5,5,1,1,3,5,1,5,5,5,1,8
4,4,4,4,4,2,2,2,3,4,3,3,4,4,3,2,5,5,1,1,3,4,2,4,5,3,4,6
3,3,3,3,3,3,3,3,3,3,3,3,3,3,3,3,3,3,3,3,3,3,3,3,3,3,3,8
2,0,2,3,3,3,4,4,3,3,2,2,4,4,4,2,4,4,2,4,2,4,2,3,2,4,2,1
3,3,3,4,3,1,1,3,3,3,3,4,4,3,2,1,4,4,1,3,3,3,4,4,3,2,4,2
5,5,5,5,5,5,1,5,5,5,5,5,5,5,5,4,5,5,1,5,5,5,5,5,5,5,5,8
3,3,1,1,2,2,4,5,4,3,3,3,3,3,3,3,3,4,3,4,4,1,1,3,1,3,3,4
3,3,1,4,4,1,4,5,4,3,5,4,2,4,5,2,4,1,1,4,4,1,3,4,2,5,3,5
5,4,3,4,5,4,1,5,5,5,5,5,5,5,5,0,5,5,5,3,5,2,1,5,3,4,5,13
3,5,4,5,5,4,3,4,3,4,5,4,4,3,4,4,4,5,4,3,3,4,4,3,3,4,4,7
3,4,4,3,4,5,3,4,5,5,3,2,3,4,3,2,4,2,3,4,2,3,4,4,3,2,3,8
5,5,5,5,5,5,5,5,5,5,5,5,5,5,5,5,5,5,5,5,5,5,5,5,5,5,5,36
5,5,5,5,5,5,5,5,5,5,5,5,5,5,5,5,5,5,5,5,5,5,5,5,5,5,5,25
4,3,4,3,3,4,3,4,4,4,5,4,4,4,3,3,4,4,1,0,3,3,3,4,4,3,3,4
3,3,3,3,3,3,3,4,4,4,4,4,4,4,3,2,5,4,2,3,4,4,3,4,3,3,3,11
5,5,5,5,5,5,5,5,5,5,5,5,5,5,5,5,5,5,5,5,5,5,5,5,5,5,5,24
5,5,5,5,5,4,5,5,5,5,5,5,4,5,4,4,5,5,5,5,5,5,5,5,5,5,3,18
5,5,5,2,5,3,5,5,5,5,0,5,5,5,5,5,5,5,4,4,5,5,5,5,4,5,5,19
4,5,5,5,5,4,4,5,4,5,5,4,4,5,4,4,5,5,5,5,5,5,5,4,4,4,4,31
5,5,5,5,5,5,5,5,5,5,5,5,5,5,5,5,5,5,5,5,5,5,5,5,5,5,5,27
4,4,5,5,5,5,4,5,5,5,5,4,5,5,5,5,5,4,4,5,5,5,4,5,5,4,5,19
4,3,4,5,4,4,4,4,4,4,4,4,4,5,4,4,4,4,3,4,3,4,3,4,4,3,4,2
3,3,2,3,2,2,2,4,5,4,4,4,5,4,3,2,5,3,2,3,4,4,3,5,3,3,2,12
5,4,4,4,5,5,5,4,5,5,5,4,4,5,5,4,5,5,4,4,5,5,5,4,4,5,5,8
4,5,1,5,4,1,1,5,4,4,4,4,4,2,2,2,5,5,4,4,4,2,3,5,3,3,2,9
4,3,3,3,3,2,2,3,3,3,4,4,3,3,3,3,4,3,2,3,3,2,3,4,3,3,4,2
5,5,5,5,5,5,5,5,5,5,5,5,5,5,5,5,5,5,5,5,5,5,5,5,5,5,5,36
5,5,5,5,5,5,5,5,5,5,5,5,5,5,5,5,5,5,5,5,5,5,5,5,5,5,5,36
3,4,5,3,4,5,2,4,3,5,4,5,5,4,4,1,5,5,3,2,3,5,3,5,4,5,3,2
2,1,3,1,2,3,2,4,4,4,3,4,2,5,4,2,4,4,3,4,5,2,4,1,2,3,3,1
5,5,5,2,2,2,3,3,3,3,3,3,4,4,4,5,2,3,3,3,3,3,4,4,4,4,4,21
5,4,4,4,3,3,2,3,3,3,4,3,3,4,4,4,3,2,2,3,2,3,3,3,4,4,0,15
2,2,2,3,2,2,2,4,3,2,2,2,2,2,2,2,3,2,2,3,4,2,2,2,2,2,2,3
5,5,5,5,5,5,5,5,5,5,5,5,5,5,5,5,5,5,5,5,5,5,5,5,5,5,5,14
2,2,3,3,2,1,3,4,3,3,3,4,4,4,2,2,4,4,1,3,3,4,2,4,2,2,2,1
5,3,2,2,4,4,4,5,5,5,5,5,5,5,4,4,5,5,4,4,2,4,4,0,4,5,4,3
4,4,4,2,4,4,3,5,5,5,5,5,5,4,3,3,4,5,3,4,5,5,4,5,3,4,4,4
3,3,4,3,2,2,2,3,3,3,3,4,4,5,4,3,4,3,3,3,4,4,5,5,4,3,3,26
4,3,3,3,3,3,3,4,4,4,5,5,4,4,3,3,3,3,3,3,4,4,4,4,5,5,5,24
3,3,3,3,2,3,1,5,4,3,3,4,5,4,4,2,5,5,1,3,5,5,3,4,3,4,4,0
2,2,4,4,3,1,1,4,2,5,4,4,5,4,2,1,5,5,2,4,4,5,2,5,2,4,3,7
4,3,3,5,4,4,4,5,4,4,5,3,4,4,3,3,4,5,5,4,4,3,4,4,5,4,4,26
4,4,4,4,4,4,4,4,4,4,4,4,4,4,4,4,5,5,4,4,4,4,4,4,4,4,4,18
3,3,3,3,3,1,3,4,3,3,3,3,3,3,2,1,5,4,3,3,3,4,2,4,4,3,4,5
4,3,4,4,3,4,5,5,4,3,4,5,4,4,3,4,4,5,4,3,4,5,4,4,3,4,5,30
4,4,4,3,4,3,3,4,4,4,4,4,4,4,3,3,4,4,3,4,4,4,4,4,3,4,4,8
4,4,4,3,4,4,4,4,4,4,4,3,4,4,4,3,3,4,4,3,3,4,4,4,3,4,5,9
5,3,5,5,5,4,5,5,3,5,4,2,5,4,3,5,5,4,3,5,5,1,5,5,3,4,2,9
3,3,3,3,3,3,1,3,3,3,3,3,3,3,3,3,3,3,3,3,3,3,3,3,3,3,3,2
5,3,3,3,4,4,4,5,3,5,5,5,5,5,3,3,5,4,3,4,4,3,3,5,3,5,5,6
5,5,4,4,4,5,5,4,4,5,5,4,4,5,5,4,4,4,5,5,4,4,5,5,5,4,4,3
4,4,1,2,5,1,1,4,4,4,4,3,3,3,3,1,4,4,4,5,5,2,2,5,4,1,2,5
5,5,4,4,4,5,1,4,5,5,4,5,4,4,4,4,5,4,2,3,4,4,4,5,4,5,2,4
4,4,4,3,3,3,3,3,3,3,3,3,3,3,3,3,4,4,4,4,4,4,4,4,4,4,5,7
4,4,4,4,4,3,4,4,4,4,4,4,4,4,4,3,5,5,4,4,4,4,5,5,4,4,3,8
5,5,5,4,5,3,4,4,4,4,5,4,3,3,5,4,5,4,5,3,4,4,5,4,4,4,3,17
4,4,4,5,4,3,4,4,5,5,4,5,5,4,5,4,5,4,5,5,5,4,3,5,5,4,4,6
3,3,3,3,2,2,2,2,3,2,3,3,3,2,2,2,0,3,2,3,3,2,3,3,3,3,3,3
4,3,4,3,3,2,2,4,4,4,4,4,4,4,4,2,5,5,2,3,4,4,2,4,2,2,5,5
4,4,4,1,2,2,3,5,4,4,4,4,4,4,4,1,5,4,3,4,4,4,4,5,3,4,4,5
2,1,1,2,1,1,1,4,4,2,2,2,4,3,0,1,4,4,3,2,4,4,2,4,2,2,3,7
4,4,4,2,2,2,4,4,4,4,4,4,4,4,4,2,4,4,2,4,4,4,4,4,4,4,4,15
4,4,4,4,5,5,4,5,4,5,4,5,4,5,5,4,5,5,4,5,4,4,4,4,4,4,5,5
3,2,3,4,4,3,3,2,2,3,3,4,4,3,3,2,4,3,3,3,2,2,3,3,4,4,3,4
5,5,5,3,4,4,5,5,5,5,5,5,5,5,5,5,5,5,5,5,5,5,5,5,5,5,5,24
3,3,3,3,3,3,3,3,3,3,3,3,3,3,3,3,3,3,3,3,3,3,3,3,3,3,3,2
3,4,4,4,4,3,3,4,5,5,4,4,3,3,4,5,4,4,3,3,4,4,3,3,4,4,3,6
3,3,1,3,3,3,2,5,5,5,5,5,5,5,5,3,5,5,3,3,5,5,4,5,3,5,2,18
5,5,5,4,5,5,5,4,4,4,4,5,5,5,5,5,4,5,5,5,4,4,3,5,4,4,4,20
2,2,3,3,3,3,4,4,4,4,4,4,4,4,3,2,1,1,3,2,1,1,1,1,3,2,1,12
4,5,4,5,4,3,2,1,2,3,4,5,4,3,2,1,5,4,3,4,5,4,3,4,5,4,3,5
4,4,5,4,5,4,5,5,4,4,4,5,5,4,4,3,5,4,4,4,5,5,4,4,4,5,4,14
4,4,3,3,4,4,3,4,4,3,3,4,4,5,4,4,3,2,4,4,5,4,4,3,3,2,3,21
4,4,3,4,3,4,3,4,4,4,4,4,3,4,4,3,3,4,4,4,4,4,3,4,3,4,3,1
3,4,4,2,2,2,2,4,4,4,4,4,4,4,3,1,5,5,3,4,4,4,4,4,4,4,4,5
2,2,2,1,3,3,3,4,4,3,3,2,2,2,2,2,1,2,2,2,3,3,2,1,1,1,1,18
5,5,4,4,5,5,4,4,4,4,4,5,5,4,5,4,4,5,5,5,5,4,4,5,4,5,5,3
2,2,2,3,2,2,2,2,2,2,2,2,2,2,2,2,3,2,1,2,2,2,2,3,2,2,2,3
3,3,3,3,3,3,3,3,3,3,3,3,3,3,3,3,3,3,3,3,3,3,3,3,3,3,3,0
5,5,5,5,5,5,5,5,5,5,5,5,5,5,5,5,5,5,5,5,5,5,5,5,5,5,5,13
4,4,4,4,4,4,4,4,4,4,4,4,4,4,4,4,4,4,4,4,4,4,4,4,4,4,4,6
4,3,3,3,3,2,4,4,4,4,4,4,4,4,4,3,4,3,2,4,4,4,3,4,4,3,3,7
3,4,5,2,4,2,4,4,5,3,4,5,5,4,4,4,5,5,4,4,3,5,3,5,2,4,5,4
2,3,3,4,3,2,3,4,3,3,2,2,3,3,3,4,4,3,3,2,2,1,1,2,3,3,2,4
3,3,3,2,3,2,1,5,2,2,4,3,2,3,3,3,2,4,2,4,4,1,3,3,3,3,2,5
4,3,3,4,3,5,4,3,5,5,4,3,3,4,5,4,4,5,3,4,3,3,5,5,4,5,3,5
5,3,5,4,3,3,2,4,5,5,5,5,4,4,3,3,5,5,3,4,4,5,3,5,3,4,2,7
3,5,4,2,4,3,4,5,4,2,3,2,4,3,4,3,2,3,2,4,3,5,4,2,3,2,4,8
4,4,4,4,4,4,4,5,5,4,4,5,5,5,3,3,3,4,4,3,4,4,3,4,4,4,4,6
4,3,5,5,1,1,1,5,4,5,5,5,5,4,4,1,5,5,1,1,4,5,1,5,4,3,2,8
3,3,2,4,3,3,4,4,3,4,5,5,4,5,4,3,4,5,3,4,3,5,2,5,3,4,3,9
5,5,5,4,4,5,5,5,5,5,5,5,5,5,5,5,5,5,5,5,5,5,5,5,5,5,5,5
2,3,2,3,2,1,1,4,4,3,4,4,5,4,3,1,5,4,2,1,4,5,1,5,2,3,4,9
3,3,3,3,3,3,3,3,3,3,3,3,3,3,3,3,3,3,3,3,3,3,3,3,3,3,3,3
3,3,3,3,3,2,1,4,4,3,4,4,5,4,4,3,4,4,2,3,3,3,3,3,3,3,3,2
4,3,4,3,4,4,3,3,4,4,4,4,3,3,4,4,4,4,3,4,4,3,3,3,4,4,3,14
3,3,3,3,3,2,2,3,3,3,4,3,3,3,4,3,4,4,3,3,3,3,3,3,3,3,3,2
2,1,4,2,2,2,2,3,3,3,3,3,4,3,3,1,4,5,2,2,3,3,3,4,2,1,4,5
3,3,3,3,3,3,3,3,3,3,3,4,4,3,3,3,3,4,3,3,3,3,3,3,3,4,3,2
4,5,2,3,4,1,1,5,4,4,4,4,2,5,5,3,4,4,1,2,3,1,3,5,4,4,1,10
5,4,4,4,2,2,5,4,3,5,5,4,4,3,5,5,4,3,5,5,2,4,4,4,4,3,5,10
3,4,4,3,3,3,3,3,3,3,3,3,3,4,4,5,4,3,3,3,3,3,3,3,3,3,3,10
3,3,3,4,4,4,3,3,3,2,2,2,3,2,2,1,4,4,3,3,3,5,4,4,4,4,3,5
4,4,5,5,5,5,5,5,5,4,4,4,4,4,4,4,5,5,5,5,5,5,5,5,5,5,5,2
5,4,5,5,5,5,4,5,4,5,4,4,4,5,5,4,5,3,4,3,4,4,4,4,5,5,4,15
4,3,3,3,3,3,3,4,3,3,3,3,2,3,3,3,3,2,3,3,3,2,4,3,3,3,4,2
4,4,4,4,3,3,3,4,4,4,4,4,4,4,4,3,4,4,3,4,4,3,3,4,3,3,4,10
2,3,3,2,1,3,3,3,4,5,4,3,2,2,3,3,2,3,3,4,5,5,4,4,3,3,2,8
5,5,5,4,5,5,5,5,5,5,5,5,5,5,5,5,5,5,5,5,5,5,5,5,5,5,5,19
5,5,5,4,2,3,2,5,5,5,5,5,5,5,5,2,5,5,2,2,5,5,3,5,3,4,5,9
5,5,4,5,5,5,4,4,4,4,5,5,5,4,4,4,5,5,5,5,5,5,4,4,4,4,5,27
3,3,3,3,3,2,2,3,3,2,3,4,0,4,3,3,3,4,4,4,5,2,3,4,4,4,2,8
3,3,3,3,3,2,2,3,4,4,4,4,4,4,4,3,4,3,3,3,3,3,3,4,3,4,4,5
5,2,4,4,5,2,4,5,2,1,4,5,4,2,5,4,4,5,5,4,2,5,5,4,2,4,3,11
1,1,1,1,1,1,1,1,1,1,1,1,1,1,1,1,1,1,1,1,1,1,1,1,1,1,1,0
3,3,3,3,4,2,2,4,4,4,4,4,4,4,4,2,4,5,2,3,4,5,1,4,3,4,4,5
4,4,3,4,3,2,3,3,4,3,4,4,4,4,3,3,5,4,3,3,4,2,3,4,4,3,2,5
5,3,5,3,5,5,2,5,4,4,5,5,4,5,4,3,5,4,4,5,5,1,2,5,3,5,5,5
4,4,4,4,4,4,4,4,5,4,4,4,5,4,4,4,5,5,4,4,5,4,4,4,4,4,3,3
4,4,4,4,4,4,4,4,4,4,4,4,4,4,4,4,4,4,4,4,4,4,4,4,4,4,4,16
5,5,5,5,5,5,5,5,5,5,5,5,5,5,5,5,5,5,5,5,5,5,5,5,5,5,5,16
3,2,3,2,3,4,3,2,3,4,3,2,3,4,3,2,2,3,4,3,2,3,4,3,2,3,4,10
3,3,3,3,3,3,3,3,3,3,3,3,3,3,3,3,3,3,3,3,3,3,3,3,3,3,3,0
3,3,3,3,3,4,4,4,4,4,4,4,4,4,4,2,4,4,3,4,4,4,4,4,3,4,2,2
5,5,5,5,5,5,5,5,5,5,5,5,5,5,5,5,5,5,5,5,5,5,5,5,5,5,5,21
4,4,0,4,4,3,3,3,5,4,4,5,4,4,4,4,4,4,4,4,4,4,4,5,3,5,4,13
3,4,4,4,5,5,3,3,4,5,5,4,4,5,5,4,5,4,4,4,3,4,4,3,3,5,4,7
4,4,5,4,4,4,4,5,4,4,5,4,5,4,4,5,4,4,4,4,4,4,4,4,4,4,4,6
4,4,4,3,4,4,5,5,4,4,4,4,4,4,3,3,4,5,5,4,4,4,3,3,3,3,3,5
4,3,4,2,3,2,4,4,4,4,4,4,5,4,4,1,5,5,3,4,4,4,2,5,3,4,4,4
3,3,3,2,3,3,2,3,3,3,3,3,3,3,4,3,3,3,3,4,3,2,3,3,3,3,3,7
3,2,2,4,4,2,4,1,3,2,2,3,2,2,1,1,4,4,4,4,2,1,1,4,4,2,1,4
3,3,3,4,4,5,5,4,4,4,4,4,4,4,3,3,4,3,3,3,4,4,4,4,4,4,3,2
4,4,5,4,4,3,4,4,3,5,5,5,5,5,5,2,5,5,4,3,5,5,3,4,2,4,4,14
4,4,4,5,4,4,5,5,5,5,5,4,4,5,5,5,5,5,4,5,5,5,5,5,5,4,4,15
4,2,2,4,3,2,4,4,4,4,5,4,4,5,5,3,4,1,3,4,4,4,4,5,2,3,2,6
5,5,5,4,5,5,5,4,4,4,5,5,3,4,3,4,5,5,5,5,4,1,4,5,3,4,2,8
3,1,2,4,1,5,2,3,1,2,4,5,3,4,2,1,1,3,5,4,2,1,3,3,2,4,5,3
3,3,3,3,3,3,3,3,3,3,3,3,3,3,3,3,3,3,3,3,3,3,3,3,3,3,3,6
3,3,3,3,3,3,3,3,3,3,3,3,3,3,3,3,3,3,3,3,3,3,3,3,3,3,3,0
4,2,2,4,3,3,2,2,3,2,2,4,4,2,3,3,4,3,2,0,4,4,3,2,3,3,4,8
4,4,4,4,0,4,4,4,4,4,4,4,4,4,4,4,4,4,4,4,4,4,3,0,4,4,4,14
3,3,3,3,3,3,3,3,3,3,3,3,3,3,3,3,3,3,3,3,3,3,3,3,3,3,3,5
3,4,3,3,2,2,2,4,4,4,4,4,4,4,3,2,4,3,2,2,3,4,2,4,2,3,4,1
5,5,5,3,4,5,5,5,5,5,5,5,5,5,5,5,5,5,5,5,5,5,5,5,5,5,5,18
4,3,3,4,3,3,4,4,4,4,3,4,3,4,3,3,4,3,4,4,3,3,4,3,4,4,4,9
4,4,2,3,4,2,5,5,2,2,3,4,1,4,4,2,1,3,2,3,4,5,5,1,1,3,4,14
5,4,3,5,5,2,2,5,5,5,5,5,5,4,3,2,5,5,2,4,5,4,3,5,3,5,4,10
4,5,4,4,4,4,5,5,4,5,5,5,5,5,4,3,5,3,4,5,4,2,4,5,5,5,2,2
1,1,1,1,1,1,1,5,4,3,4,4,4,4,3,1,5,5,1,2,4,1,1,4,2,2,3,5
5,3,4,3,4,4,1,5,5,5,5,5,5,5,5,3,5,5,3,4,4,1,4,5,3,5,4,7
5,3,5,3,5,5,5,5,5,5,5,5,5,5,5,3,5,5,5,5,3,5,2,5,3,5,5,10
3,2,3,3,2,2,4,3,3,2,3,2,3,3,4,3,4,3,1,2,2,3,2,2,3,2,4,0
5,4,3,5,5,4,4,4,5,5,4,5,4,3,3,4,4,5,4,5,3,5,4,5,4,4,5,12
5,4,1,3,4,4,1,5,5,5,5,5,5,5,5,1,5,5,1,5,4,5,4,5,4,4,5,3
5,5,5,5,5,5,5,5,5,5,5,5,5,5,5,5,5,5,5,5,5,5,5,5,5,5,5,8
3,3,4,3,3,2,4,4,4,4,4,4,5,4,4,3,5,5,3,4,5,5,3,4,3,4,2,7
3,3,4,3,3,3,2,2,3,3,3,3,3,3,3,3,3,3,3,3,2,3,3,3,0,3,3,4
2,3,2,3,2,2,2,4,4,3,4,3,4,4,3,2,4,4,2,2,4,4,2,4,2,3,4,9
1,2,3,3,2,2,2,2,1,2,1,2,2,2,3,3,3,1,2,1,2,2,2,2,1,2,4,8
3,2,2,4,3,2,2,4,4,3,4,3,2,3,3,2,2,2,2,3,4,2,2,4,3,3,3,2
4,5,3,1,2,3,4,5,4,3,2,1,1,2,2,1,1,2,3,4,5,4,3,2,1,2,3,17
1,4,4,4,1,1,1,4,3,4,4,4,4,3,3,1,4,4,1,1,4,3,1,4,3,1,4,6
5,2,4,1,2,1,1,5,5,5,5,5,5,5,4,1,4,5,2,2,4,5,2,5,4,5,2,7
3,2,4,2,2,3,1,4,5,0,4,4,5,4,4,1,5,4,1,2,3,2,3,5,3,4,2,3
5,4,3,2,2,3,2,5,4,4,4,3,3,4,4,3,5,4,3,2,3,2,2,5,3,2,4,15
4,4,5,4,4,4,4,5,5,5,4,5,5,5,5,3,5,5,4,4,5,4,4,5,4,4,4,11
2,3,1,3,1,1,2,4,3,4,4,4,5,2,2,2,5,5,2,4,3,4,2,5,2,2,2,1
3,3,3,3,3,3,3,3,3,3,3,3,3,4,4,3,3,4,3,3,4,3,3,3,3,4,3,5
4,4,4,4,4,5,5,5,5,4,4,4,5,5,5,4,4,5,5,5,5,4,4,4,5,5,5,18
1,1,1,5,1,1,1,5,5,5,5,5,5,5,5,1,5,3,1,5,5,1,1,5,3,5,1,9
1,2,2,2,1,1,1,1,1,1,1,1,1,1,2,2,1,1,1,1,1,1,1,1,1,1,1,13
5,5,5,5,5,1,4,5,5,5,5,5,5,5,5,2,5,5,3,5,5,2,5,5,5,5,2,19
5,5,1,5,5,5,5,5,5,5,5,5,5,5,5,5,5,5,5,5,5,5,5,5,5,5,5,8
3,4,4,4,4,5,5,4,4,4,4,5,5,4,4,4,4,4,4,5,5,4,4,4,4,4,3,9
4,3,4,4,5,2,2,5,5,5,4,4,4,5,3,1,5,3,4,4,4,4,4,5,3,3,2,9
1,1,1,1,1,1,1,1,3,1,3,3,3,3,3,1,3,3,1,3,3,3,3,3,1,1,3,3
5,4,3,5,5,4,3,4,4,5,5,5,4,4,3,5,5,5,4,4,4,5,5,5,5,5,5,9
1,3,1,4,1,1,1,1,1,1,1,1,1,4,3,1,3,4,1,1,4,1,1,4,1,3,1,4
5,5,4,3,3,5,4,4,5,3,3,4,4,4,4,3,3,4,5,4,4,3,5,4,3,3,4,4
2,3,2,2,2,2,2,2,4,2,4,3,2,3,3,2,2,2,2,2,3,2,2,3,2,2,2,6
5,5,1,3,1,0,1,5,5,5,4,5,1,5,5,1,5,1,3,5,5,1,1,5,1,5,3,4
3,3,3,3,3,3,3,3,3,3,3,3,3,3,3,3,3,3,3,3,3,3,3,3,3,3,3,0
4,3,4,4,4,4,3,4,4,4,5,3,4,3,5,4,4,5,3,4,4,4,4,3,4,4,5,16
4,4,5,3,4,2,5,5,5,5,4,5,5,5,5,3,3,3,4,3,1,5,3,5,4,4,5,10
4,3,2,3,3,3,2,2,3,3,4,3,2,2,2,2,3,3,4,4,4,3,2,2,3,3,3,-1
3,3,3,3,3,3,3,3,3,3,3,3,3,3,3,3,3,3,3,3,3,3,3,3,3,3,3,13
3,3,3,3,3,3,3,3,3,3,3,3,3,3,3,3,3,3,3,3,3,3,3,3,3,3,3,0
5,5,5,5,4,4,4,5,5,5,5,5,5,5,5,3,5,4,5,5,4,5,4,5,5,5,5,9
4,3,4,3,4,2,2,5,5,4,4,4,4,5,3,4,4,4,4,4,5,2,2,5,4,2,2,9
1,1,1,4,1,1,1,3,3,4,4,4,3,3,2,1,4,5,1,1,4,3,3,4,1,2,3,-1
4,5,5,4,4,4,4,5,5,5,5,5,4,4,4,4,4,4,4,4,4,5,5,5,5,4,4,3
3,3,3,4,4,4,4,4,4,4,4,4,4,4,4,4,4,4,2,4,4,4,4,4,4,4,4,8
3,4,4,3,3,3,4,3,2,2,4,4,4,4,5,3,3,3,4,3,4,4,3,3,2,3,5,10
3,3,3,3,3,3,3,3,3,3,3,3,3,3,3,3,3,3,3,3,3,3,3,3,3,3,3,4
4,4,4,4,4,4,4,4,4,4,4,4,4,4,4,4,4,4,4,4,4,4,4,4,4,4,4,8
3,3,3,3,3,3,3,3,3,3,3,3,3,3,3,3,3,3,3,3,3,3,3,3,3,3,3,0
3,3,3,3,3,3,3,3,3,3,3,3,3,3,3,3,3,3,3,3,3,3,0,3,3,3,3,7
2,4,3,3,3,2,4,3,2,3,4,2,3,4,2,2,3,2,3,4,3,2,2,2,3,3,3,4
3,3,3,2,3,3,3,4,3,3,3,4,4,3,3,4,2,3,3,2,3,3,3,2,3,3,4,21
1,1,1,3,3,3,3,3,5,3,3,3,3,3,3,3,3,3,3,3,3,1,1,3,1,1,3,3
4,4,1,4,2,2,2,5,5,4,4,4,4,5,4,2,4,4,2,4,4,4,4,5,4,2,5,0
5,5,5,5,5,5,5,5,5,5,5,5,5,5,5,5,5,5,5,5,5,5,5,5,5,5,5,3
2,2,2,3,4,4,4,3,4,4,5,4,4,4,4,4,4,4,4,3,4,4,4,4,5,4,3,0
3,3,3,2,3,3,3,5,3,3,4,3,3,4,3,2,4,3,3,3,5,3,3,4,3,4,3,4
1,3,1,1,1,1,1,5,2,1,1,1,1,1,2,1,3,2,1,2,4,1,3,4,2,2,3,3
4,4,4,2,3,4,4,5,5,4,4,5,5,5,5,5,5,5,4,5,5,4,5,5,4,4,4,6
3,2,3,3,3,3,4,2,0,4,3,4,2,4,2,3,5,5,3,2,4,3,2,3,3,5,2,7
4,3,4,4,5,5,4,3,5,5,4,3,5,5,3,4,4,5,5,4,3,5,5,3,4,5,5,6
4,4,4,2,4,4,1,4,4,4,4,4,4,4,4,4,4,4,1,1,4,4,4,4,4,4,4,5
5,5,3,4,5,4,5,5,4,5,5,4,5,5,5,4,5,4,5,4,4,5,4,5,5,4,4,10
3,1,1,1,1,1,1,3,1,1,1,3,3,3,3,3,4,4,1,3,3,1,1,4,2,1,1,2
4,5,5,4,5,5,5,5,5,5,4,5,4,5,5,4,5,4,5,5,5,5,4,4,4,5,4,4
5,3,2,2,4,4,1,5,5,5,5,5,5,5,2,1,5,5,3,3,4,5,3,4,3,4,5,5
1,1,1,1,1,1,1,1,1,1,1,1,1,1,1,1,1,1,1,1,1,1,1,1,1,1,1,0
4,4,5,3,3,4,3,4,4,4,4,4,5,4,3,1,5,2,3,4,3,4,4,5,3,3,4,5
5,5,0,4,4,4,5,4,5,5,5,5,3,4,5,5,5,5,5,5,5,1,5,5,4,4,5,14
4,4,4,4,4,4,4,4,4,4,4,4,4,4,4,4,4,4,4,4,4,4,4,4,4,4,4,4
4,4,4,4,4,4,4,4,4,4,4,4,4,4,4,4,4,4,4,4,4,4,4,4,4,4,4,8
3,3,3,2,2,2,2,4,4,4,4,4,3,3,3,3,3,4,3,3,3,3,3,3,3,3,3,6
4,3,3,4,5,5,0,3,3,4,4,5,5,3,3,4,4,4,3,3,4,5,5,5,5,3,5,10
4,4,4,3,4,3,4,4,3,4,5,4,4,4,2,3,5,5,4,4,4,2,3,4,3,2,2,6
3,3,3,3,3,3,3,3,3,3,3,3,3,3,3,3,3,3,3,3,3,3,3,3,3,3,3,2
3,3,3,3,3,3,3,3,3,3,3,3,3,3,3,3,3,3,3,3,3,3,3,3,3,3,3,4
4,3,3,3,3,4,3,3,4,4,4,3,3,3,3,3,3,5,3,3,3,3,4,4,4,3,3,3
3,3,3,3,3,3,3,3,3,3,3,3,3,3,3,3,3,3,3,3,3,3,3,3,3,3,3,0
3,3,3,3,3,3,4,4,4,4,4,4,4,4,4,3,4,4,3,4,4,4,2,4,4,3,4,6
4,4,3,2,2,2,2,2,2,2,3,3,3,3,3,3,3,4,4,4,4,4,4,3,3,3,3,3
3,3,3,2,3,3,1,3,3,3,3,3,3,3,3,3,4,4,3,3,3,3,3,3,3,3,3,4
3,3,3,3,3,3,3,3,3,3,3,3,3,3,3,3,3,3,3,3,3,3,3,3,3,3,3,0
4,4,0,3,4,3,1,4,5,5,5,5,5,5,5,3,5,5,1,3,4,3,3,5,4,5,4,6
5,5,5,5,5,5,5,5,5,5,5,5,5,5,5,4,5,5,5,5,5,5,5,5,5,5,5,14
5,5,3,4,5,5,1,5,5,5,5,5,5,5,5,3,5,5,1,5,5,2,2,5,1,2,5,10
3,3,3,3,3,3,3,3,3,3,3,3,3,3,3,3,3,3,3,3,3,3,3,3,3,3,3,0
4,4,4,4,4,4,4,4,4,4,4,4,4,4,4,4,4,4,4,4,4,4,4,4,4,4,4,4
4,4,5,4,4,4,4,4,4,4,3,5,2,5,5,4,4,4,2,5,5,2,4,5,3,2,4,7
3,2,3,3,4,3,2,3,3,3,4,3,3,3,3,2,3,3,4,3,3,2,3,3,3,2,3,2
5,2,4,1,5,3,5,3,3,4,3,2,1,3,3,4,2,2,2,3,5,3,3,2,4,2,1,20
4,4,3,4,2,1,1,4,4,4,4,4,2,4,4,2,4,2,1,1,2,2,2,4,3,4,2,4
2,2,2,2,2,3,1,4,3,4,4,4,4,3,3,1,4,3,1,5,3,4,4,0,2,3,2,1
1,1,1,3,2,1,3,4,3,3,4,4,3,4,3,1,2,1,1,3,3,2,0,3,1,1,1,3
3,3,4,4,4,4,2,4,4,4,4,4,4,4,5,4,4,4,4,4,4,4,4,4,4,4,4,9
5,5,4,4,5,4,4,5,5,4,5,4,2,3,4,2,5,5,3,5,5,3,4,5,4,4,4,-1
0,0,0,3,4,3,4,4,4,4,4,4,4,4,4,4,5,4,4,4,5,2,4,4,4,0,0,9
4,4,4,4,4,4,4,4,4,4,4,4,4,4,4,4,4,4,4,4,4,4,4,4,4,4,4,7
5,5,5,4,5,2,5,5,5,2,5,5,5,5,5,2,5,4,4,5,5,5,1,5,3,4,4,6
2,1,0,3,1,3,3,5,3,0,2,4,0,0,2,0,5,4,1,3,5,3,1,3,1,3,3,5
4,4,4,4,4,4,4,4,4,4,4,4,4,4,4,4,4,4,4,4,4,4,4,4,4,4,4,18
3,4,5,5,5,5,5,4,4,4,4,5,5,5,5,4,5,5,5,5,4,4,4,4,4,3,3,0
5,5,4,5,3,4,4,5,4,4,5,5,5,3,4,4,4,5,5,5,4,0,5,4,0,3,4,7
2,5,4,1,1,5,2,4,3,3,2,5,0,4,2,3,2,3,3,4,1,2,0,4,3,3,1,8
3,3,3,3,3,3,3,3,3,3,3,3,3,3,3,3,3,3,3,3,3,3,3,3,3,3,3,2
4,4,4,5,4,4,2,5,5,5,5,4,5,5,5,5,5,5,2,5,5,5,5,5,5,5,5,4
2,1,2,3,2,1,1,5,4,4,4,4,5,5,4,3,5,5,4,2,4,5,1,4,2,3,3,17
1,1,1,1,1,1,1,1,1,1,1,1,1,1,1,1,3,2,1,1,2,2,2,1,2,1,1,1
4,3,4,4,3,4,1,4,4,3,4,3,5,3,2,1,5,5,4,4,2,2,3,4,2,4,4,4
4,4,4,3,4,4,4,5,5,5,5,4,4,4,5,5,4,5,5,5,4,4,4,4,4,5,5,15
3,3,3,4,4,4,4,5,5,0,5,5,4,4,4,4,4,4,4,5,5,5,5,5,4,4,4,15
3,4,4,5,5,4,5,4,5,5,5,5,5,4,4,4,4,5,4,4,3,3,3,3,3,3,4,31
4,3,3,3,4,1,1,4,4,4,4,4,4,4,4,1,4,4,3,4,4,5,4,4,3,4,4,0
5,5,5,5,5,5,5,5,5,5,5,5,5,5,5,5,5,5,5,5,5,5,5,5,5,4,4,35
3,3,3,3,3,3,3,3,3,3,3,3,3,3,3,3,3,3,3,3,3,3,3,3,3,3,3,5
4,4,4,3,3,3,3,3,3,3,3,3,3,3,3,3,4,4,4,4,4,4,4,4,4,4,4,5
4,5,5,5,4,4,4,4,4,5,5,5,5,4,4,4,4,5,5,5,5,5,4,4,4,4,4,8
4,3,3,3,4,3,3,5,4,3,4,4,3,3,3,2,5,4,3,4,4,3,3,4,3,2,4,14
4,3,0,3,3,3,3,3,3,3,4,3,4,3,2,3,4,4,4,4,4,4,3,4,4,3,4,9
3,4,5,5,4,4,4,5,5,5,4,4,5,4,4,1,5,3,3,3,5,4,3,5,3,4,4,-3
5,5,4,4,4,2,4,5,5,5,5,5,5,5,5,2,5,5,3,5,5,5,2,5,3,5,5,19
5,5,5,4,4,4,4,4,5,5,5,4,4,4,4,4,4,5,4,5,5,5,5,5,5,5,5,3
5,5,5,4,4,4,5,5,5,5,4,4,5,5,3,4,5,5,4,4,5,4,4,5,4,4,4,-3
5,5,5,5,5,2,1,1,2,4,4,4,4,4,0,0,0,5,5,5,5,5,5,5,5,5,5,1
2,3,1,2,2,0,1,4,4,4,2,4,4,4,3,1,5,5,1,1,3,4,2,5,2,4,2,3
2,5,4,0,0,0,0,0,0,0,0,0,0,0,0,0,5,4,2,3,4,5,4,3,2,3,3,4
3,3,3,3,3,3,3,3,3,3,3,3,3,3,3,3,3,3,3,3,3,3,3,3,3,3,3,14
5,4,5,5,5,5,5,5,5,5,5,5,5,5,5,5,3,3,3,3,3,3,2,3,2,4,5,-1
4,5,3,4,3,3,0,3,5,3,5,5,4,5,5,4,4,5,3,4,3,4,4,4,4,4,3,-5
3,3,3,3,3,3,3,3,3,3,2,4,2,2,2,3,1,1,2,2,3,3,3,3,3,3,3,6
4,4,4,3,3,3,3,3,4,4,4,4,4,4,4,4,4,4,4,4,4,4,4,4,4,4,4,1
3,3,3,4,3,3,4,5,4,3,4,3,3,3,3,3,3,3,3,3,5,3,3,4,3,4,3,-3
2,2,2,3,4,2,1,4,4,3,3,3,2,0,3,3,4,3,3,3,4,1,2,4,3,2,2,1
1,1,1,3,3,0,3,3,3,1,3,1,1,3,3,3,4,3,1,3,1,1,1,1,1,1,1,2
1,3,1,5,2,1,1,5,4,1,4,4,1,4,4,1,1,1,1,1,5,1,1,3,1,1,1,0
3,3,3,3,3,3,3,3,3,3,3,3,3,3,3,3,3,3,3,3,3,3,3,3,3,3,3,0
3,4,4,4,5,0,3,4,4,4,4,4,4,4,5,4,4,3,4,4,4,4,4,4,4,4,4,-8
2,1,1,1,1,1,2,2,1,1,2,2,2,2,1,1,2,2,1,1,2,0,2,4,2,2,2,2
3,3,3,3,3,3,3,3,3,3,3,3,3,3,3,3,3,3,3,3,3,3,3,3,3,3,3,0
0,0,0,0,0,0,0,0,0,0,0,0,0,0,0,0,0,0,0,0,0,0,0,0,0,0,0,-9
0,0,0,0,0,0,0,0,2,0,0,0,0,0,0,0,0,3,0,0,0,0,0,0,0,0,0,23
0,0,0,0,0,0,0,0,0,0,0,0,0,0,0,0,0,0,0,0,0,0,0,0,0,0,0,4
0,0,0,0,0,0,0,0,0,0,0,0,0,0,0,0,0,0,0,0,0,0,0,0,0,0,0,-9
0,0,0,0,0,0,0,0,0,0,0,0,0,0,0,0,0,0,0,0,0,0,0,0,0,0,0,-9
2,3,2,3,2,2,2,3,4,4,4,4,4,4,3,2,4,4,3,3,3,3,3,4,3,3,2,4
3,3,4,2,3,3,3,3,3,3,3,3,2,2,2,2,2,3,3,3,3,3,3,3,3,3,3,7
5,5,2,2,4,1,1,5,5,0,5,5,5,5,5,5,5,5,2,1,5,3,1,5,4,4,2,9
3,2,2,2,1,1,1,4,3,3,4,3,2,3,2,1,3,2,1,2,4,2,1,4,3,2,2,6
3,2,3,4,3,2,1,4,4,4,4,3,4,3,2,2,5,5,2,2,4,5,3,4,4,4,4,-4
1,1,1,1,1,1,1,1,1,1,1,1,1,1,1,1,1,1,1,1,1,1,1,1,1,1,1,0
4,4,4,4,4,4,4,5,5,5,5,5,5,5,4,4,5,5,4,4,5,5,4,4,4,5,4,7
4,3,2,3,3,3,2,4,3,3,4,4,5,3,3,3,5,5,3,4,4,4,3,3,3,3,3,6
5,5,5,4,5,5,5,5,5,5,5,5,5,5,5,4,5,5,5,5,5,5,5,5,5,4,5,7
4,4,2,2,2,2,4,5,5,3,4,4,5,4,4,3,4,4,2,5,5,4,4,5,3,4,3,8
0,1,1,1,1,1,0,1,0,1,1,1,1,1,0,1,1,1,1,1,1,0,1,0,1,1,1,-2
3,4,3,5,2,1,1,4,3,4,4,0,5,4,4,1,4,3,1,4,4,3,4,4,3,2,4,3
3,4,2,3,2,1,2,4,4,3,4,4,5,4,3,1,5,4,4,4,5,4,2,5,4,3,2,2
4,2,4,3,3,3,3,3,3,3,4,4,4,4,3,3,5,4,4,3,4,4,3,5,3,3,5,5
3,4,1,3,2,1,1,4,3,4,4,3,1,3,2,1,3,3,1,3,3,1,1,3,3,1,1,2
4,2,4,4,4,4,4,4,4,4,4,4,4,4,4,2,4,4,2,4,4,3,4,4,2,4,4,13
4,3,3,2,2,3,3,5,3,4,4,5,3,4,3,2,3,3,2,5,4,2,4,3,3,4,4,6
1,1,1,1,1,1,1,1,1,4,1,1,4,1,1,1,3,4,1,1,1,4,1,5,1,1,1,1
0,0,0,0,0,0,0,0,0,0,0,0,0,0,0,0,0,0,0,0,0,0,0,0,0,0,0,-9
3,3,3,1,4,2,4,5,5,5,5,5,5,5,5,1,5,5,3,5,5,5,3,5,3,5,5,13
4,4,4,1,1,1,2,5,5,5,4,5,5,5,2,1,5,5,4,4,5,3,1,5,1,4,2,4
5,5,5,5,5,3,1,5,5,5,5,5,5,5,5,5,5,5,1,5,5,5,5,5,5,5,5,4
3,3,3,1,1,1,3,1,0,1,1,3,1,1,1,1,5,5,3,0,2,3,3,3,3,3,3,9
4,3,2,4,4,4,3,5,5,4,3,3,4,4,3,1,5,4,3,4,5,3,4,5,4,2,5,2
1,1,1,1,1,1,1,1,1,1,1,1,1,1,1,1,1,1,1,1,1,1,1,1,1,1,1,11
2,2,3,3,4,3,2,5,5,4,5,5,5,5,5,2,5,5,3,4,5,5,2,4,2,3,5,4
4,4,4,5,4,5,4,5,5,5,4,4,4,4,3,2,5,5,4,5,5,4,4,5,4,3,3,6
4,4,4,2,3,5,5,4,4,5,4,4,5,5,4,3,5,4,5,5,4,5,3,4,3,4,3,-2
4,4,3,4,5,5,4,2,5,5,5,5,4,5,5,3,5,5,2,5,4,5,5,5,3,4,2,2
4,4,5,3,4,4,3,3,0,0,4,4,5,5,4,4,5,4,4,4,5,5,5,4,4,4,4,1
2,1,1,1,1,1,1,0,3,2,4,3,2,3,3,1,3,2,1,1,2,1,1,3,3,2,1,1
3,4,4,4,4,4,3,3,4,4,3,4,3,4,3,4,4,3,4,4,3,3,4,3,4,4,4,5
3,3,3,3,2,4,1,4,3,5,3,3,4,4,3,2,4,3,2,3,4,2,2,4,3,3,2,9
2,3,2,2,2,3,2,3,4,4,4,4,3,4,4,3,3,4,2,3,4,2,3,4,3,3,2,3
3,3,2,3,2,2,2,4,3,3,3,3,4,4,3,1,5,5,3,2,4,4,2,4,2,2,3,-9
3,3,3,3,3,3,3,3,3,3,3,3,3,3,3,3,3,3,3,3,3,3,3,3,3,3,3,1
5,5,4,1,1,1,1,5,4,3,1,4,5,3,3,1,5,5,3,4,5,5,1,5,3,1,5,6
2,1,4,4,1,1,1,5,4,4,3,2,5,4,3,1,5,4,2,2,5,5,1,5,3,4,5,10
3,2,3,4,3,4,4,4,5,4,4,4,5,4,4,2,5,5,3,4,4,5,4,4,4,5,3,4
4,4,4,3,4,4,1,4,4,4,4,4,5,4,3,4,4,2,4,3,3,5,3,4,4,4,4,5
2,2,2,3,3,3,3,3,3,3,3,3,3,3,3,3,4,3,3,3,3,2,2,3,2,3,3,3
2,3,1,2,2,2,2,4,3,3,4,4,3,3,3,1,5,5,3,3,4,3,3,4,3,2,4,3
3,3,3,3,3,3,3,3,3,3,3,3,3,3,3,3,3,3,3,3,3,3,3,3,3,3,3,3
4,3,3,3,3,3,4,4,3,4,4,4,3,3,3,2,3,3,3,3,4,2,3,5,3,5,3,13
4,4,4,4,4,4,4,4,4,4,4,4,4,4,4,4,4,4,4,4,4,4,4,4,4,4,4,13
4,3,3,3,4,3,4,4,3,3,3,4,4,4,3,3,4,4,4,4,3,3,4,5,3,3,5,7
4,3,3,4,3,3,2,3,3,4,4,4,4,4,4,2,4,4,4,4,4,3,3,4,4,2,2,2
4,4,3,4,4,3,2,4,4,4,3,4,4,4,4,2,4,4,1,3,3,4,0,3,4,3,4,2
4,5,4,3,4,5,2,2,4,4,3,3,4,2,2,2,5,5,1,5,2,3,4,4,3,2,5,8
1,1,1,1,1,1,1,1,3,1,1,1,4,4,4,1,5,4,1,1,1,4,1,0,1,1,1,0
5,4,5,3,3,2,4,5,5,5,5,5,5,5,5,3,4,5,3,4,5,5,4,5,3,5,5,17
2,4,2,4,0,1,1,3,3,4,3,4,5,4,2,1,4,4,1,1,3,4,4,5,3,1,3,3
2,2,2,4,2,2,2,4,3,4,3,4,4,4,4,2,4,4,2,2,3,3,3,4,2,4,3,5
3,3,4,0,1,1,1,5,4,5,4,4,5,4,3,1,5,5,1,4,4,4,4,5,2,5,4,24
3,3,1,3,2,1,1,5,5,5,5,5,5,5,5,1,5,0,3,2,5,3,2,5,2,4,4,2
5,5,4,4,5,3,3,5,4,5,5,5,5,5,5,4,5,4,3,5,4,4,4,5,4,4,5,13
1,3,3,1,1,1,1,1,1,1,1,1,1,1,1,1,1,1,1,5,1,1,1,1,1,1,4,6
3,3,3,3,2,1,1,4,3,4,3,4,3,3,2,1,4,3,1,1,4,4,3,4,3,3,2,-3
4,3,2,4,3,3,2,4,3,3,3,3,3,4,3,2,4,4,2,3,3,3,4,4,3,3,3,-2
1,1,1,1,1,1,1,5,4,3,4,3,3,4,3,0,4,1,1,1,4,1,1,4,1,1,1,5
1,3,1,1,1,1,1,3,2,4,2,3,4,4,3,1,4,3,1,3,3,4,3,5,1,4,3,0
4,4,4,3,3,4,4,5,5,4,4,4,5,5,3,2,5,4,4,4,5,5,4,5,3,3,4,5
2,2,2,2,2,1,1,5,4,4,5,5,4,4,4,1,4,2,1,3,4,2,4,4,3,2,2,1
1,1,1,1,1,1,1,1,1,1,1,1,1,1,1,1,0,1,1,1,2,1,1,2,2,1,1,0
3,3,3,3,3,1,1,3,4,3,3,4,4,4,3,1,4,4,2,4,3,4,2,4,2,2,4,5
3,3,3,3,3,3,3,3,3,3,3,3,3,3,3,3,3,3,3,3,3,3,3,3,3,3,3,-4
2,2,2,2,2,2,2,2,2,2,2,4,2,4,2,2,2,2,2,2,2,2,2,4,2,2,2,3
2,3,3,3,0,1,1,5,4,4,4,3,5,4,4,1,5,5,1,3,4,4,1,5,2,3,3,4
1,3,3,4,3,1,1,3,3,3,3,3,4,3,3,1,4,4,1,1,3,4,2,4,2,3,4,-5
4,4,4,4,4,3,4,5,5,5,5,5,4,4,4,4,4,4,4,5,5,4,4,5,3,4,4,8
3,4,3,3,3,3,2,4,4,3,4,4,4,3,3,3,4,4,1,2,4,3,2,3,3,3,3,3
4,4,4,3,4,4,5,4,4,4,4,4,4,4,0,3,4,4,5,4,4,3,4,4,4,4,4,5
1,1,1,3,1,1,0,4,3,3,3,3,3,3,3,1,4,4,1,3,3,2,1,4,2,2,2,6
3,3,4,3,3,2,2,5,4,4,3,3,5,4,3,2,5,5,3,3,5,5,4,5,3,3,4,-9
0,0,0,0,0,0,0,0,0,0,0,0,0,0,0,0,0,0,0,0,0,0,0,0,0,0,0,5
4,4,4,4,2,2,4,4,4,4,4,4,3,4,4,3,4,3,2,4,4,2,4,4,4,3,2,5
2,2,2,3,2,2,2,2,3,3,2,2,3,2,2,2,4,2,2,2,3,4,2,4,2,2,2,-1
3,3,3,3,3,2,4,4,3,4,4,4,3,3,3,3,4,4,2,4,4,2,4,0,3,4,3,18
3,2,1,1,1,1,1,1,2,2,1,3,4,2,1,1,3,3,1,2,1,4,3,3,1,1,3,0
2,1,1,1,1,1,1,2,1,4,2,4,2,2,4,1,2,4,1,1,3,1,1,5,2,2,2,2
4,4,4,4,4,4,4,4,4,4,4,4,4,4,4,2,4,4,4,4,4,1,4,4,4,4,4,0
3,3,2,2,2,2,2,4,3,3,4,2,4,3,2,2,4,4,2,3,3,2,2,4,3,3,2,10
1,1,1,3,1,1,1,4,3,3,4,3,4,3,3,1,5,3,1,3,3,4,4,4,3,3,3,-2
3,3,4,2,3,3,2,4,4,4,4,4,5,3,3,2,5,5,3,3,4,5,3,5,3,5,5,4
3,3,4,4,3,2,1,4,4,4,4,4,5,4,3,1,5,5,1,2,4,4,2,4,3,4,4,5
3,3,3,3,3,3,3,3,3,3,3,3,3,4,3,3,4,3,3,3,2,2,3,3,3,3,3,0
3,3,2,4,2,2,2,4,4,3,4,3,4,3,3,2,4,3,2,3,2,3,3,4,4,3,3,7
4,4,4,4,4,4,3,3,3,3,4,4,4,4,4,4,5,4,4,4,4,3,3,3,4,5,5,9
2,3,2,2,2,2,2,4,2,4,4,4,4,4,3,2,4,4,2,4,4,4,2,4,2,2,2,10
2,2,2,3,1,2,2,3,3,4,4,4,4,4,3,1,4,4,3,3,3,3,2,4,2,3,0,2
4,4,3,4,3,3,2,3,4,4,4,3,4,4,3,3,4,4,3,4,3,4,4,5,4,3,2,4
2,3,2,4,2,3,3,4,3,4,4,3,4,4,3,2,4,4,2,3,4,3,2,5,3,4,3,2
3,3,3,2,2,2,4,5,3,3,4,4,5,4,3,2,5,4,3,5,4,5,2,4,3,2,3,2
3,3,4,4,3,1,2,3,4,4,4,5,3,3,3,2,5,4,4,4,3,3,2,4,3,3,2,6
3,3,3,4,2,1,1,4,3,3,3,4,4,4,3,1,5,5,2,4,3,4,3,4,3,3,3,7
4,3,3,4,2,2,1,5,4,4,4,4,4,4,3,1,5,1,1,3,3,2,3,5,2,4,3,3
3,5,3,5,3,3,3,4,4,4,4,4,4,4,4,2,5,5,2,2,3,3,3,5,3,5,4,6
2,1,1,4,1,1,1,3,2,1,4,4,2,4,4,1,4,2,1,1,4,1,1,3,2,2,2,0
3,3,4,2,4,3,3,3,4,4,3,3,4,4,4,2,4,4,4,4,4,2,4,4,2,3,2,-1
3,5,3,4,3,1,1,4,4,4,4,3,4,3,3,1,4,4,1,4,3,2,2,4,4,3,3,9
3,3,4,3,3,2,3,5,5,5,5,5,5,5,5,3,5,5,2,3,4,5,2,5,5,5,3,9
3,3,3,3,3,2,1,4,5,5,5,5,5,5,4,1,5,4,1,3,4,4,3,5,4,4,4,5
4,4,4,3,1,1,1,3,3,3,4,4,4,3,3,1,4,3,1,4,3,1,4,4,3,4,2,8
3,3,3,3,3,3,3,4,4,4,4,4,5,4,4,2,4,4,3,4,4,5,4,4,3,2,4,16
4,3,4,3,4,3,4,2,4,5,5,5,5,4,4,3,5,5,4,5,4,5,5,5,3,4,4,7
4,3,2,4,3,2,2,4,4,4,4,4,4,4,3,3,5,5,3,3,4,4,2,5,4,5,5,10
1,1,1,4,1,1,1,1,1,1,1,1,1,1,1,1,3,1,1,1,1,1,1,1,1,1,1,2
3,3,3,3,3,3,1,4,4,4,4,4,4,4,4,2,5,5,1,3,4,4,4,4,3,4,3,6
3,3,4,3,3,1,4,4,4,4,4,4,4,4,4,1,5,4,3,1,3,4,4,5,3,3,4,4
1,2,1,3,1,1,1,4,3,2,4,2,3,3,2,1,4,4,1,1,3,2,3,4,1,1,1,-9
4,3,3,2,2,4,1,5,3,5,5,5,4,3,3,3,5,5,1,4,5,2,3,5,4,5,5,4
3,3,3,3,2,2,2,3,3,4,4,4,4,4,3,2,4,4,2,3,4,4,3,4,3,3,3,0
4,3,3,4,4,3,4,4,4,4,5,4,4,4,3,3,4,3,4,4,4,1,4,4,2,3,2,14
3,2,1,3,1,1,1,2,4,3,2,3,4,3,3,1,5,5,1,5,3,4,1,4,4,3,4,2
2,2,2,3,2,1,1,3,3,2,3,2,2,3,3,2,3,3,1,3,4,2,2,3,3,3,2,6
1,2,1,3,1,1,1,4,3,2,4,3,3,3,3,1,4,3,1,1,4,2,4,5,1,2,3,4
5,5,5,5,5,5,5,5,5,5,5,5,5,5,5,5,5,5,5,5,5,5,5,5,5,5,5,14
4,3,4,4,4,4,5,4,4,4,4,4,5,4,4,3,5,4,4,4,4,5,4,4,5,4,3,4
2,2,2,2,2,3,3,3,4,4,4,4,4,3,3,2,3,0,2,2,2,3,3,3,3,2,2,0
3,1,3,3,1,3,3,3,3,3,3,3,3,3,3,3,3,3,3,5,3,3,3,3,3,3,3,7
4,3,3,3,4,3,3,4,4,5,5,5,5,5,4,3,4,5,3,4,4,4,3,5,4,4,4,7
4,3,3,4,3,1,4,2,3,3,4,4,5,5,3,1,5,5,3,4,4,3,1,4,4,4,4,5
1,1,1,1,1,1,1,1,3,3,1,4,1,3,4,1,3,2,1,1,3,1,3,3,1,1,1,0
3,1,1,1,1,1,1,1,1,2,2,3,2,2,3,1,5,4,2,2,2,2,2,4,4,1,1,0
5,5,5,4,4,5,5,4,4,5,5,5,5,5,5,5,5,5,5,5,5,5,5,5,5,5,5,4
2,2,2,1,1,1,1,3,2,4,4,4,4,4,3,2,4,3,1,4,4,4,3,4,3,3,2,4
3,3,1,2,1,1,1,4,4,4,4,4,4,3,3,1,5,5,1,4,4,2,4,5,3,2,2,0
2,3,3,3,2,2,3,3,4,3,4,4,4,4,3,2,5,5,4,4,3,4,3,5,2,3,4,5
1,1,5,1,1,5,1,1,1,5,1,1,5,4,3,1,5,5,1,1,3,5,5,5,1,5,5,0
2,3,1,3,3,4,4,4,4,4,4,4,4,4,4,1,4,4,3,4,4,4,3,4,2,4,3,7
3,1,0,4,1,1,1,1,1,1,1,1,1,1,1,1,1,1,1,1,1,1,1,4,1,1,3,9
2,2,3,4,2,1,1,4,4,4,4,4,5,4,4,1,5,5,1,3,4,4,1,5,3,4,4,6
2,2,2,3,2,2,2,2,3,3,4,3,3,3,3,3,4,4,3,3,4,4,2,4,2,2,3,2
3,1,1,4,1,1,1,4,5,5,5,5,5,5,5,5,5,5,1,1,2,5,1,5,3,5,4,4
3,4,1,3,1,1,1,4,4,4,4,4,3,4,4,1,4,4,1,1,4,3,1,4,3,4,1,4
3,2,2,4,3,2,3,4,3,2,4,3,3,4,2,2,5,4,2,4,4,3,3,4,3,2,4,9
4,4,3,3,3,1,1,4,4,4,4,3,4,4,4,2,5,4,1,4,4,3,2,4,4,4,3,5
3,3,2,4,2,2,1,3,4,3,3,3,4,4,2,1,4,4,2,3,3,4,3,4,3,1,3,6
1,1,1,5,1,1,1,4,1,2,2,2,1,4,2,1,4,4,1,2,4,1,1,4,1,1,1,4
3,3,3,3,3,3,3,5,5,5,5,5,5,5,5,3,5,5,3,5,5,5,4,5,3,5,4,4
2,1,1,4,1,1,1,4,3,4,5,3,4,4,3,1,4,4,1,2,3,4,2,4,1,3,3,6
4,4,4,4,3,3,4,4,4,4,4,5,5,4,4,4,5,5,4,4,5,5,4,5,3,5,4,24
4,4,4,4,4,4,4,4,4,4,4,4,4,4,4,4,4,4,4,4,4,4,4,4,4,4,4,7
3,3,3,2,1,1,1,2,3,3,3,4,4,3,3,1,5,4,1,4,3,5,3,4,3,3,3,5
5,5,5,5,5,5,5,5,5,5,5,5,5,5,5,5,5,5,5,5,5,5,5,5,5,5,5,9
4,4,1,1,1,1,2,4,4,4,4,4,4,3,2,1,5,5,2,3,3,4,2,0,0,1,4,7
4,4,2,2,3,4,2,4,4,4,4,4,3,4,3,2,4,3,2,2,4,3,1,4,3,3,3,-3
1,1,1,1,1,1,1,4,3,3,3,2,4,3,2,1,4,4,1,1,1,4,1,4,1,3,2,2
5,5,2,2,3,1,1,5,5,2,4,2,5,4,2,1,5,5,4,4,4,5,2,5,1,2,4,6
5,5,5,5,5,5,5,5,5,5,5,5,5,5,5,4,5,5,5,5,5,5,4,5,5,5,4,2
2,1,1,1,1,1,1,3,3,1,1,1,4,3,2,1,5,5,1,3,3,4,2,4,2,1,1,4
4,2,1,2,2,2,2,4,4,4,4,4,2,4,4,1,2,2,4,4,4,1,2,4,2,4,4,4
4,4,4,4,4,1,4,5,5,5,5,5,4,5,3,3,4,4,1,5,4,4,4,5,4,1,5,6
5,3,5,4,4,3,1,5,4,4,5,5,4,4,2,2,5,5,4,5,5,3,3,5,5,5,5,12
4,4,3,3,4,3,3,4,4,4,4,4,4,4,4,3,4,4,3,3,4,3,3,5,3,4,4,2
0,0,0,0,0,0,0,0,0,0,0,0,0,0,0,0,0,0,0,0,0,0,0,0,0,0,0,-9
5,5,5,4,4,5,4,5,5,5,5,5,5,5,5,4,5,5,5,5,5,5,5,5,5,5,5,7
4,3,4,3,4,3,3,4,4,4,4,4,4,4,3,3,4,4,3,4,4,4,4,4,4,4,4,11
2,3,3,3,3,2,2,2,4,4,4,4,2,3,3,3,3,2,2,2,2,2,2,2,3,3,3,8
4,4,4,3,4,3,4,4,5,5,5,5,5,5,5,4,5,5,4,4,4,5,4,5,4,5,4,11
3,1,1,2,2,2,1,5,3,2,5,5,3,5,5,1,5,5,1,3,5,1,1,5,2,1,5,11
3,2,2,4,3,1,1,4,4,3,4,4,4,0,3,2,4,4,1,2,5,4,3,4,4,3,4,3
2,1,1,1,1,1,1,4,4,4,5,5,5,5,4,1,5,5,1,3,4,5,4,5,3,4,1,2
3,1,1,3,3,3,1,3,3,3,3,3,3,3,3,3,3,3,1,1,3,3,3,3,3,3,3,6
3,3,3,4,3,2,1,4,4,4,4,4,4,4,4,1,5,4,3,3,4,4,3,4,3,4,4,8
3,3,3,3,3,3,3,3,3,3,3,3,3,3,3,3,3,3,3,3,3,3,3,3,3,3,3,6
3,4,4,3,1,1,1,4,4,5,5,5,5,5,5,3,5,5,1,4,4,4,4,5,2,4,4,10
2,2,1,1,1,1,1,3,5,5,3,4,4,4,3,1,5,4,1,4,3,3,1,5,3,5,4,2
2,3,2,4,1,1,1,3,2,2,2,2,5,3,3,1,3,3,3,3,3,4,3,4,3,2,4,3
4,2,4,2,3,2,1,3,4,3,3,4,5,3,3,2,5,4,1,3,3,4,2,5,4,4,3,3
3,3,3,3,3,3,3,3,3,3,3,3,3,3,3,3,3,3,3,3,3,3,3,3,3,3,3,0
2,3,5,4,2,1,1,2,4,4,3,3,5,4,3,2,4,5,3,0,3,5,1,5,1,4,3,4
0,0,0,5,0,0,0,0,0,0,0,0,0,0,0,0,5,5,1,5,0,0,0,0,0,0,0,3
5,4,4,1,3,3,4,5,5,4,4,4,5,4,3,1,5,4,3,4,5,5,4,5,3,4,5,8
4,4,3,4,3,4,4,4,4,4,3,4,4,4,4,4,4,3,3,4,4,2,3,4,4,4,3,-3
4,3,2,2,2,3,2,4,4,3,4,4,4,4,4,0,4,2,3,4,3,2,1,4,3,2,2,7
2,1,1,3,3,3,1,4,3,4,4,4,4,4,1,1,5,5,1,5,5,5,1,5,3,4,4,-1
4,2,3,2,4,4,2,4,4,4,4,4,4,4,4,2,4,4,2,4,4,2,4,4,2,2,2,7
3,3,3,3,3,3,3,3,3,3,3,3,3,3,3,3,3,3,3,3,3,3,3,3,3,3,3,5
3,2,1,5,1,1,3,5,5,5,5,5,5,5,5,0,5,5,3,3,1,3,1,5,4,5,3,12
2,2,2,4,3,2,2,4,4,3,0,3,3,3,3,2,3,2,2,3,3,2,2,4,3,2,3,8
4,4,4,4,4,4,4,4,4,4,4,4,4,4,4,4,4,4,4,4,4,4,4,4,4,4,4,8
4,4,4,3,2,0,1,4,4,4,4,4,4,4,0,1,5,5,1,4,4,4,5,4,3,4,4,5
3,2,2,1,1,1,1,3,1,1,1,1,1,1,1,0,4,2,2,3,5,4,1,4,2,1,3,0
4,3,2,2,2,2,1,4,4,5,4,3,5,4,3,1,5,5,1,4,4,5,3,5,3,1,3,5
4,4,4,3,4,5,4,4,4,4,4,4,5,5,3,2,5,3,3,4,4,4,4,5,3,0,2,4
5,3,4,4,3,3,5,4,4,4,4,5,5,5,4,3,5,4,3,4,3,3,4,4,5,5,5,24
1,1,1,3,2,1,3,4,4,4,4,4,4,4,4,2,4,4,1,1,3,4,3,4,1,3,3,3
1,1,0,3,1,1,1,3,1,1,1,1,1,1,1,1,4,1,1,1,3,1,1,1,1,1,1,6
4,4,4,2,3,3,2,4,4,3,4,4,3,4,4,3,5,4,3,5,4,4,3,4,3,4,4,8
3,3,3,3,3,3,3,3,3,3,3,3,3,3,3,3,4,4,3,3,3,3,3,3,3,3,3,7
5,5,3,5,4,2,1,5,4,5,5,4,5,4,3,3,4,4,1,3,5,3,3,5,5,4,3,3
4,3,4,2,2,2,2,4,4,5,4,4,4,4,3,2,5,5,2,4,3,3,4,4,4,3,4,10
4,4,4,3,3,3,3,4,4,4,4,4,4,4,4,3,5,5,3,4,3,4,3,4,3,3,4,6
4,4,4,4,3,2,2,2,4,4,4,4,4,4,4,3,4,4,4,2,2,3,4,4,4,4,4,1
3,3,3,3,3,3,2,4,3,3,4,4,3,3,3,3,1,3,1,1,4,2,3,4,3,3,3,5
5,5,4,4,4,4,1,5,3,4,5,4,5,4,3,4,5,4,2,5,3,4,4,5,4,4,4,9
4,4,4,3,3,3,2,4,4,4,4,4,4,4,4,3,4,4,3,4,4,4,3,4,4,4,4,5
4,4,4,4,3,3,4,5,5,5,5,5,5,5,5,1,4,5,3,4,4,4,4,4,3,5,4,7
5,5,5,5,5,4,4,4,4,4,4,5,5,5,5,5,5,5,5,4,4,5,5,5,4,4,5,1
0,0,0,0,0,0,0,0,0,0,0,0,0,0,0,0,0,0,0,0,0,0,0,0,0,0,0,-9
2,2,2,2,1,1,2,3,4,3,3,3,3,3,3,1,4,4,2,2,3,4,3,4,2,2,2,6
3,3,4,4,4,3,3,4,4,4,5,4,4,5,4,3,5,4,2,3,4,4,3,5,4,4,4,23
5,5,5,5,5,2,5,5,5,5,5,5,5,1,5,1,5,5,5,5,5,5,5,5,3,5,5,4
4,3,2,4,2,2,1,4,5,4,5,5,4,5,4,1,5,4,1,4,4,2,3,5,4,3,4,7
1,1,1,3,1,1,1,5,3,3,4,4,3,4,3,1,4,0,1,1,4,1,1,4,3,2,1,4
2,2,2,4,1,1,1,4,4,4,4,4,5,4,3,1,5,0,1,4,4,4,1,5,3,4,2,3
2,2,2,4,2,1,2,2,4,2,2,2,4,2,2,1,4,4,2,2,2,4,2,4,3,2,3,1
2,3,3,3,3,4,3,3,4,4,4,4,4,4,3,3,4,4,3,3,3,4,4,4,3,3,3,5
3,3,3,3,1,1,1,5,5,5,5,5,5,5,5,1,5,5,3,3,5,3,1,5,3,5,5,16
3,3,3,3,3,3,3,3,3,3,3,3,3,3,3,3,3,3,3,3,3,3,3,3,3,3,3,2
0,0,0,0,0,0,0,0,0,0,0,0,0,0,0,0,0,0,0,0,0,0,0,0,0,0,0,-9
1,1,1,2,1,1,1,1,3,3,2,4,3,4,3,1,4,4,1,3,4,1,1,4,1,1,1,3
4,4,4,5,2,5,2,5,5,5,5,5,5,5,4,1,5,5,2,5,4,1,4,5,1,4,2,10
1,3,1,4,1,1,1,4,3,3,4,3,4,3,3,1,5,4,1,1,4,4,3,4,3,3,3,5
4,4,4,4,4,3,3,4,4,4,4,4,4,4,4,4,4,3,3,4,4,2,4,4,4,4,4,-7
4,1,1,3,1,0,5,5,4,4,4,4,5,5,4,1,5,5,1,1,4,4,1,5,2,1,1,2
2,2,2,2,2,1,1,4,3,3,4,3,3,3,3,2,3,4,2,2,3,3,2,4,2,2,3,-1
2,3,2,3,2,1,1,3,3,3,3,4,4,3,3,2,5,5,1,3,3,4,2,4,2,3,3,2
4,4,4,5,4,4,2,3,4,4,4,4,4,4,4,4,5,4,4,5,4,4,4,4,4,5,4,4
4,4,5,1,3,4,2,5,5,5,5,5,5,4,4,1,5,5,3,4,4,5,4,5,2,4,4,2
1,2,1,3,1,1,1,3,2,2,2,2,2,2,2,1,2,2,1,1,3,1,1,3,3,1,2,1
2,3,2,3,3,1,1,3,2,2,2,3,4,3,3,1,4,4,0,2,3,3,3,4,3,2,3,1
3,3,3,2,2,2,2,2,2,2,2,2,4,2,2,2,3,3,3,3,3,3,3,3,3,3,3,4
5,5,5,5,5,4,5,5,5,5,5,0,5,5,5,5,5,5,5,5,5,5,5,5,4,5,5,5
3,3,2,4,2,2,2,4,3,3,4,4,4,3,3,1,4,4,2,2,3,4,4,4,3,2,3,6
3,3,3,4,2,2,1,4,4,4,4,3,4,3,2,2,4,4,1,1,4,4,2,0,2,2,3,5
1,3,3,1,1,1,1,2,3,2,2,2,4,3,3,2,4,4,1,4,2,4,1,4,2,2,1,2
1,1,1,1,1,1,1,4,3,3,3,3,1,3,3,1,3,2,1,1,3,1,1,4,1,1,1,3
4,4,4,4,2,3,2,4,4,4,4,4,4,4,4,4,4,4,3,3,4,4,3,4,4,4,4,8
5,5,5,3,4,4,4,4,4,5,4,4,4,4,4,4,5,5,4,3,5,4,3,5,5,5,5,4
3,3,3,3,1,4,3,3,3,4,3,4,3,4,4,1,5,4,1,3,3,2,3,5,3,4,3,-7
1,1,1,3,3,1,1,2,2,3,2,2,4,2,2,1,3,4,1,1,1,3,2,3,2,2,3,2
1,1,1,1,1,1,1,1,1,1,4,4,4,4,4,1,4,4,1,4,3,2,4,4,4,4,4,2
2,2,3,3,2,1,1,3,4,4,4,4,4,4,3,2,4,4,2,3,3,4,3,5,3,4,4,6
3,3,4,4,2,1,2,5,3,4,4,4,5,4,3,3,5,5,1,3,5,4,3,5,4,2,2,2
3,3,3,3,2,2,1,3,3,3,3,3,3,4,3,2,4,3,1,3,4,1,4,3,3,3,3,3
4,4,2,1,1,1,1,4,4,4,4,4,4,4,3,0,5,5,2,4,4,4,4,0,4,4,4,5
4,4,4,4,4,3,4,5,5,5,5,4,5,5,4,4,5,5,4,5,5,5,4,5,4,4,4,32
4,4,4,4,3,4,4,4,4,3,4,4,4,4,4,2,4,4,3,4,4,4,3,5,3,3,3,-1
3,2,1,1,1,1,1,1,4,4,4,4,5,5,4,1,5,5,1,2,4,5,3,4,3,3,3,3
5,5,5,5,3,3,1,5,5,5,5,5,5,5,5,1,5,1,1,1,5,5,1,5,5,1,1,0
5,3,4,4,4,3,1,5,5,5,5,5,5,5,3,4,5,4,2,4,4,5,4,5,4,4,4,16
3,3,3,3,3,3,3,3,3,3,3,3,3,3,3,3,3,3,3,3,3,3,3,3,3,3,3,1
4,4,1,4,2,1,2,2,2,2,2,2,5,1,2,1,5,5,2,2,2,5,4,5,4,1,2,2
1,1,1,1,1,1,1,1,1,1,1,1,1,1,1,1,3,3,3,3,3,1,1,3,3,1,1,2
4,4,2,4,3,1,0,4,4,4,3,5,4,4,2,2,4,4,1,1,3,3,3,4,2,1,1,3
3,4,4,4,3,3,4,4,4,4,4,4,3,4,3,3,4,3,2,2,4,2,3,4,4,4,3,2
4,4,1,4,4,1,1,4,4,3,5,4,5,3,2,1,5,5,2,3,4,5,2,5,3,2,2,6
3,2,2,2,2,2,1,4,3,3,4,4,4,4,3,2,4,4,1,3,3,3,2,4,3,3,4,1
4,3,3,2,2,2,1,5,5,5,5,5,5,4,2,1,5,5,1,1,4,4,3,5,1,5,5,3
3,4,5,5,4,2,4,5,4,5,5,5,5,5,3,1,5,5,3,4,4,5,3,5,3,3,3,5
2,1,1,2,1,1,1,3,3,3,3,3,2,3,2,1,3,3,1,1,3,2,1,4,2,1,2,1
4,4,4,4,3,4,2,4,4,5,5,4,5,5,4,2,5,5,3,4,4,4,4,5,3,4,5,6
2,2,2,2,1,1,2,2,2,2,2,2,2,2,2,1,4,3,2,3,2,3,2,4,2,2,2,5
3,3,3,3,3,3,3,3,4,4,4,4,4,4,4,3,4,4,3,3,4,4,3,4,3,3,3,2
3,3,3,3,3,3,3,4,3,4,4,4,3,4,3,3,4,4,3,3,4,3,3,4,3,4,4,15
4,5,5,1,4,2,3,5,4,5,5,5,5,5,4,2,5,5,1,2,4,5,2,5,3,4,5,11
3,3,3,3,3,3,3,3,3,3,3,3,3,3,3,3,3,3,3,3,3,3,3,3,3,3,3,7
3,3,2,2,4,2,1,4,3,3,4,3,3,3,3,2,5,4,2,2,5,2,2,4,3,5,3,11
4,3,2,3,4,1,1,4,3,3,4,4,4,4,3,1,5,5,1,1,2,2,2,2,3,3,3,11
4,4,4,4,4,2,2,4,5,5,5,5,5,5,4,3,5,5,4,4,3,4,4,5,4,5,5,9
5,3,4,3,3,5,5,5,5,4,5,5,5,3,1,1,5,5,5,5,5,4,1,5,1,1,5,6
4,4,3,4,3,3,4,5,5,5,5,5,5,5,5,3,5,5,3,4,4,2,4,4,4,5,3,11
2,1,1,1,1,1,1,2,3,4,2,4,4,4,4,1,4,2,1,4,3,4,3,4,3,4,2,0
4,3,4,2,3,2,2,5,4,4,4,4,4,4,2,2,5,5,3,5,4,4,4,5,4,4,5,7
1,1,1,3,1,1,1,4,4,3,4,4,3,4,3,1,4,4,1,1,3,1,1,4,3,3,1,-1
4,4,5,4,4,3,4,4,4,3,4,4,4,3,4,5,5,5,4,4,4,4,4,3,4,4,5,13
2,3,1,4,2,2,3,5,5,3,4,4,5,4,4,1,5,5,1,3,5,5,2,5,2,2,5,15
5,3,5,3,4,4,4,5,5,5,5,5,5,5,4,3,5,5,5,5,5,5,4,5,4,5,5,10
3,4,2,2,2,2,4,2,4,4,4,4,4,4,3,2,5,5,1,3,4,4,2,5,2,5,3,4
1,1,1,0,0,0,0,0,0,0,0,0,0,0,0,0,5,5,1,1,1,4,1,4,1,1,1,0
4,4,4,4,2,2,2,4,4,4,4,4,4,4,2,2,4,4,2,4,4,4,4,4,4,4,4,3
2,4,4,5,5,2,1,3,5,5,5,4,5,5,4,4,5,4,2,5,5,5,5,5,2,3,1,1
4,4,4,4,3,2,4,4,4,4,4,4,5,5,4,2,5,5,3,4,4,0,4,5,5,4,5,8
4,4,3,4,1,1,1,5,5,5,5,5,5,5,4,1,5,5,1,1,4,4,1,4,3,4,4,3
1,3,3,0,1,3,3,4,3,2,3,3,3,4,3,1,4,4,2,2,4,3,1,4,2,1,2,4
3,2,3,3,2,2,2,3,3,3,4,4,4,4,3,2,5,5,2,3,4,5,3,4,3,4,4,1
3,4,1,3,1,3,3,4,4,3,4,5,3,4,3,3,4,1,3,3,3,4,4,4,3,2,4,2
1,4,1,4,1,1,1,1,4,4,1,1,5,4,4,1,5,5,1,1,1,4,1,4,1,1,4,4
2,2,2,2,2,2,2,4,4,4,4,4,3,4,4,2,4,4,2,3,4,3,2,4,3,5,4,7
4,4,3,3,3,4,2,4,4,4,4,4,4,4,3,3,4,4,4,4,4,4,3,4,3,3,4,0
5,5,4,4,5,4,5,5,5,4,4,4,5,4,5,5,4,5,4,5,4,4,4,5,4,5,4,8
1,1,1,3,2,1,1,3,1,1,1,1,4,1,1,1,4,4,1,1,3,3,4,3,1,1,1,0
4,4,4,4,4,3,4,5,5,5,4,4,4,4,4,4,4,4,3,4,4,3,4,4,4,4,5,2
3,3,2,2,2,2,2,4,3,3,4,3,2,3,3,2,3,4,2,2,4,3,3,4,4,2,3,-7
3,4,4,4,3,3,3,4,3,4,4,4,4,4,4,3,4,4,3,3,4,3,4,4,3,3,4,4
2,4,2,2,2,2,2,4,4,2,4,4,4,2,4,2,4,4,2,4,4,3,4,4,4,2,4,6
3,3,3,3,3,3,1,5,4,4,4,4,5,4,5,2,5,5,3,3,5,4,4,5,3,4,4,9
3,3,2,3,2,2,2,3,3,3,3,3,4,4,3,1,4,4,2,3,3,3,3,4,2,2,4,7
1,4,1,1,1,1,1,1,1,1,1,1,1,1,1,1,1,1,1,1,5,1,1,4,1,4,1,8
4,4,4,4,3,3,4,4,5,5,5,5,4,4,4,3,5,5,4,5,5,3,3,5,4,5,3,9
3,3,3,3,3,1,1,3,3,3,4,4,3,3,3,3,3,3,3,3,4,3,3,4,3,3,3,4
4,5,3,1,4,1,1,4,5,5,5,5,5,5,5,1,5,5,1,3,4,4,3,5,3,4,1,2
3,2,2,2,2,2,1,3,4,4,3,3,3,3,3,2,4,3,1,4,3,3,2,4,2,2,2,-5
4,4,3,4,4,2,2,4,4,4,4,4,4,4,4,4,5,5,3,4,4,4,3,4,4,3,4,18
4,2,1,1,1,1,4,1,1,5,2,2,5,3,3,1,5,5,3,4,1,4,3,4,3,4,2,7
2,2,2,2,2,1,1,4,4,4,4,4,4,4,0,1,4,2,2,2,3,2,3,4,2,3,2,4
3,3,4,3,2,3,2,4,4,4,4,4,4,4,4,2,4,4,3,3,4,3,4,4,3,4,4,9
4,4,4,3,4,2,2,3,4,3,4,4,4,5,4,3,5,5,3,4,3,4,4,4,5,2,4,-5
2,2,2,3,2,2,2,4,4,4,4,4,4,4,3,1,4,4,1,5,4,4,5,4,5,4,4,5
5,5,5,5,5,5,1,5,5,5,5,5,5,5,5,5,5,5,1,5,5,3,3,5,5,5,5,18
4,3,4,3,3,3,3,3,4,4,3,3,4,4,3,3,5,5,3,3,4,4,3,4,3,3,4,6
4,2,2,4,1,1,1,4,4,4,4,4,4,4,2,1,5,5,1,4,3,4,2,4,4,2,4,4
2,3,2,2,2,2,2,3,2,3,2,3,4,4,3,1,5,4,1,2,3,4,3,4,3,3,2,5
3,2,2,4,1,1,1,4,4,4,5,4,4,4,4,1,4,4,1,3,4,3,4,4,3,3,3,6
2,2,2,3,1,1,1,4,4,4,4,4,4,4,3,1,4,4,1,3,4,4,3,4,3,3,2,2
3,3,1,3,1,1,1,1,3,3,3,3,4,3,2,1,5,4,1,2,1,4,3,4,3,4,3,3
4,4,2,3,3,3,1,5,3,3,5,5,4,4,3,2,4,4,2,4,4,3,3,4,4,3,4,6
1,1,1,1,1,1,1,1,1,1,1,1,1,1,1,1,2,1,1,1,2,1,1,2,1,1,1,1
3,2,2,3,2,1,1,4,3,3,3,3,3,3,0,2,4,4,1,3,4,2,2,4,3,4,2,6
3,1,1,3,3,1,1,4,4,5,5,5,5,5,5,1,5,5,1,5,4,1,1,5,3,1,1,1
1,1,1,1,1,1,1,1,4,4,3,4,4,4,4,1,5,1,1,1,1,1,1,4,1,4,1,1
4,4,4,4,4,2,5,4,4,4,4,3,4,4,3,3,5,4,4,4,3,5,4,4,3,3,4,13
5,5,5,4,5,5,5,5,5,5,5,5,5,5,5,5,5,5,3,5,5,5,5,5,5,5,5,6
4,3,5,5,3,4,5,5,5,4,5,5,5,1,3,3,5,5,3,5,5,5,5,5,5,3,5,19
1,1,1,3,3,3,1,3,2,3,3,3,3,3,3,1,3,4,1,1,3,3,3,3,3,1,3,4
3,3,3,3,2,2,2,3,3,4,4,3,4,4,3,2,4,3,2,3,3,3,2,4,3,3,3,4
3,3,2,2,2,4,4,4,4,4,4,4,4,4,4,1,4,4,2,4,3,0,4,4,2,3,5,2
2,2,1,2,1,1,1,4,3,3,2,2,4,3,3,1,4,4,1,4,3,4,3,5,2,3,4,7
2,2,2,3,3,3,3,4,3,3,3,3,4,3,3,1,4,4,2,4,4,3,2,4,2,2,3,3
4,5,5,1,5,1,2,5,5,5,5,5,5,5,4,1,5,5,3,4,5,5,3,5,2,5,1,5
4,4,4,3,3,1,1,4,4,5,3,3,5,3,4,1,5,5,0,1,3,4,1,5,5,4,4,3
2,2,2,1,1,1,1,1,1,1,1,1,1,1,1,1,3,3,3,3,2,2,2,2,2,2,2,0
3,3,3,4,3,2,2,2,2,2,2,3,3,3,3,3,5,3,3,3,3,2,2,4,3,2,4,14
4,4,4,5,3,3,1,5,4,5,4,5,5,5,0,2,5,5,3,3,5,5,3,5,4,5,3,4
4,3,1,2,2,1,2,5,5,3,4,2,5,3,3,1,5,5,1,5,4,4,4,5,3,1,1,0
5,5,4,4,5,4,5,5,5,4,5,4,5,5,3,4,5,5,4,5,3,4,2,5,3,3,4,8
3,3,3,4,2,2,2,4,4,4,4,4,5,4,3,3,5,4,2,3,4,4,3,4,4,4,4,7
3,4,2,4,4,1,2,5,5,4,4,4,5,4,4,2,5,5,2,1,4,5,1,5,3,4,5,4
2,1,1,2,1,1,1,5,5,5,5,3,5,5,4,1,5,5,1,3,4,5,1,5,1,4,5,14
2,2,2,4,2,1,2,4,3,4,4,0,2,4,2,2,4,3,3,3,4,3,3,4,3,3,1,8
3,2,1,1,1,1,1,3,3,3,4,3,5,4,1,1,0,5,1,1,5,4,1,5,1,3,3,4
3,3,3,3,3,3,3,3,3,3,3,3,3,3,3,3,4,4,3,3,3,3,3,5,5,5,3,8
5,5,5,5,5,5,5,5,5,5,5,5,5,5,5,5,5,5,5,5,5,5,5,5,5,5,5,11
4,3,3,3,3,2,2,5,4,3,4,4,3,4,3,2,3,3,3,4,4,3,3,5,3,4,3,9
4,3,2,1,1,1,4,4,4,3,3,3,4,3,3,1,5,5,2,5,4,4,2,5,5,3,4,6
2,3,2,3,1,1,1,3,3,2,2,2,4,3,3,1,5,5,2,2,3,4,3,4,1,1,2,6
3,2,3,3,3,2,1,2,3,3,3,4,4,3,2,1,4,3,1,2,2,2,3,4,4,2,2,7
3,1,1,4,0,1,1,4,4,1,4,3,1,4,3,0,3,4,1,1,4,1,1,4,1,1,1,0
4,3,2,1,3,4,4,3,3,4,4,4,4,4,4,2,4,3,2,5,3,3,4,4,4,4,2,0
4,4,4,4,2,2,1,5,5,5,5,5,5,5,5,2,5,4,1,4,5,4,4,5,4,5,5,12
4,3,3,3,2,3,3,4,3,3,4,4,4,3,3,1,4,3,3,3,4,3,3,4,3,2,2,3
3,2,2,3,2,1,1,3,3,2,3,4,4,4,3,1,5,5,1,4,4,3,3,5,3,2,4,6
2,2,2,3,2,1,2,2,2,3,2,2,2,2,2,2,3,3,2,2,2,2,2,2,2,2,2,3
1,1,1,1,1,3,2,3,1,3,3,3,3,2,2,1,4,4,1,3,3,1,3,4,1,1,3,5
4,2,2,4,2,1,1,4,4,4,5,5,4,4,4,2,5,4,1,1,4,4,2,5,4,4,2,5
3,3,1,2,2,2,1,3,4,2,4,3,4,4,3,1,4,5,1,1,4,2,1,4,4,3,2,5
3,3,2,4,2,2,2,4,4,5,4,4,4,4,4,2,5,3,2,2,4,4,3,4,3,5,4,11
3,4,1,5,3,1,1,4,3,4,5,4,5,4,4,1,5,5,1,5,5,5,3,5,2,5,5,6
3,3,3,3,3,2,2,4,4,3,3,3,4,4,3,3,4,4,2,4,4,4,3,4,3,3,4,-6
1,1,1,3,1,1,1,3,2,1,3,3,4,3,1,1,2,1,1,1,1,1,4,5,1,1,1,0
2,1,1,2,1,1,1,4,3,1,4,4,4,4,2,1,5,4,1,1,4,4,3,0,2,1,3,3
5,4,0,4,4,3,3,4,4,4,4,4,5,4,3,3,5,5,4,4,3,4,3,5,3,4,3,6
3,4,4,3,2,2,1,4,4,4,4,4,5,4,4,2,5,5,1,5,4,5,4,5,3,5,3,4
1,1,1,3,1,1,1,4,4,5,4,4,4,4,4,1,4,4,1,1,4,3,4,5,1,4,4,7
3,3,3,4,2,3,2,4,4,4,4,4,4,4,4,4,5,4,3,3,3,4,3,4,2,3,2,1
3,2,3,2,2,2,2,4,4,3,4,4,4,4,3,3,4,4,3,3,4,4,3,4,3,3,4,10
3,3,3,3,3,2,2,4,3,3,3,3,4,3,3,2,4,3,3,3,4,4,2,4,3,3,2,3
5,5,4,4,5,2,4,4,4,5,4,5,5,4,2,4,5,5,5,4,3,4,4,5,5,4,2,4
4,4,3,4,1,1,1,4,4,4,4,4,3,4,4,3,4,3,1,4,5,3,2,4,4,4,3,2
3,3,2,3,3,1,3,3,3,3,3,3,3,3,0,1,4,3,3,3,3,1,1,3,3,3,1,10
1,1,1,4,2,1,1,1,2,0,2,2,2,2,3,3,4,4,1,4,1,1,1,2,1,1,1,4
1,1,1,1,1,1,0,4,4,4,4,4,4,4,4,1,4,4,1,1,4,4,1,4,1,1,1,6
5,5,5,5,5,5,5,5,5,5,5,5,5,5,5,5,5,5,5,5,5,5,5,5,5,5,5,16
5,5,4,4,5,3,4,5,4,4,5,4,5,4,3,4,5,4,5,5,4,4,4,4,4,4,4,10
3,3,3,3,2,2,2,4,3,4,3,3,4,3,2,2,4,4,2,3,4,4,3,4,2,3,4,5
1,1,1,2,1,1,1,2,2,3,4,4,3,3,3,1,3,3,1,2,3,2,3,4,3,2,2,5
1,1,1,1,1,1,1,1,1,1,1,1,1,1,1,1,1,1,1,1,1,1,1,1,1,1,1,2
4,4,3,4,4,3,5,4,4,4,5,5,5,5,3,3,5,3,3,4,5,4,3,4,4,2,2,5
3,4,3,3,2,1,4,3,2,3,3,3,2,1,3,1,5,4,3,4,4,1,3,3,3,3,0,7
2,3,2,2,2,2,2,4,3,3,4,3,4,3,3,1,4,3,2,2,4,3,1,3,1,1,2,10
3,3,3,4,3,1,1,3,3,4,3,3,4,4,3,1,5,4,3,2,2,4,3,4,3,3,3,2
4,3,3,3,3,3,2,4,3,3,4,3,3,4,3,2,4,2,2,4,4,2,3,4,3,3,3,4
4,3,1,1,1,1,5,3,5,3,1,3,5,5,4,1,5,4,3,4,3,3,3,5,1,3,4,3
4,4,4,2,2,2,1,4,3,2,2,4,4,1,2,1,4,4,4,4,4,1,4,4,2,2,4,7
2,3,4,3,3,2,2,3,4,4,4,4,5,4,3,1,5,3,2,3,3,4,4,5,4,3,3,4
4,3,3,2,3,3,4,5,5,5,5,5,5,5,4,2,5,5,4,5,4,4,3,5,3,4,4,15
0,0,1,3,1,1,1,4,4,1,4,4,3,4,3,1,0,3,2,4,4,1,1,4,1,2,1,3
2,2,2,4,2,1,1,4,3,3,4,4,3,3,3,2,3,3,2,2,3,3,3,4,2,2,2,1
3,3,1,4,4,1,1,3,2,1,3,2,4,3,1,1,5,5,1,4,2,3,1,4,3,3,1,9
3,4,3,4,3,3,4,4,3,4,4,4,5,5,5,3,5,5,3,4,4,4,3,5,3,4,3,6
2,3,2,3,2,2,2,4,4,4,4,4,4,4,3,2,5,5,1,4,4,4,4,5,2,3,4,-3
3,3,3,3,3,3,3,3,3,3,3,3,3,3,3,3,3,3,3,3,3,3,3,3,3,3,3,-1
4,3,3,2,2,2,2,4,4,4,3,4,4,4,4,2,4,4,2,4,3,2,4,4,4,4,2,3
4,4,4,4,4,4,4,4,4,4,4,4,4,4,4,4,4,4,4,4,4,4,4,4,4,4,4,6
3,3,3,4,3,3,1,0,4,3,4,3,4,4,3,2,4,4,2,2,3,3,3,4,4,3,3,-3
3,1,1,2,1,1,1,3,4,5,4,4,5,4,4,1,5,5,2,5,3,5,3,5,3,5,5,1
4,4,2,2,2,4,4,4,4,3,4,4,4,4,3,2,5,5,1,4,3,5,2,5,4,2,4,1
5,5,5,5,5,5,5,5,5,5,5,5,5,5,5,5,5,5,5,5,5,5,5,5,5,5,5,12
1,1,1,1,1,1,1,1,1,1,1,1,1,1,1,1,4,3,2,2,2,3,1,3,1,1,1,1
1,1,1,1,1,1,1,1,1,1,1,1,2,1,1,1,3,2,1,1,1,2,1,1,1,1,1,2
4,3,3,3,0,3,1,4,4,3,4,3,3,4,3,3,4,3,1,5,4,1,0,5,3,1,4,0
3,4,4,3,3,1,2,5,5,5,5,3,5,5,5,2,5,5,2,5,4,3,3,5,4,5,3,8
3,3,1,2,1,1,1,1,2,2,2,2,1,2,2,1,2,3,1,4,3,2,2,3,3,3,3,-1
3,4,4,3,3,3,1,3,4,4,4,4,4,4,3,1,4,4,3,3,4,4,2,5,3,3,1,5
2,3,2,3,1,1,2,5,3,3,4,3,4,4,3,1,4,3,1,4,4,4,2,4,2,3,3,6
1,3,1,1,1,1,1,4,3,4,2,4,4,3,2,1,4,4,1,1,3,3,1,5,1,3,3,2
2,2,2,2,2,2,2,2,2,2,2,3,3,3,3,1,3,2,2,2,2,2,3,4,2,4,2,0
1,3,1,2,2,5,3,4,3,4,4,4,4,3,3,1,5,3,3,4,4,4,3,4,3,1,1,4
5,5,5,5,5,5,5,5,5,5,5,5,5,5,5,5,5,5,5,5,5,5,5,5,5,5,5,24
3,3,3,3,1,1,1,5,4,4,4,4,5,4,4,1,5,4,1,3,5,0,4,5,2,4,2,4
3,2,1,3,1,1,1,4,4,4,5,4,5,4,4,1,5,4,1,4,3,4,4,4,1,2,4,9
1,1,1,1,1,1,1,1,1,1,1,1,1,1,1,1,2,1,1,1,1,1,1,4,1,1,1,0
4,3,3,5,4,2,2,4,4,4,4,4,5,4,3,2,5,4,4,4,4,4,2,4,3,2,3,2
3,3,4,4,3,2,2,4,4,4,4,4,4,4,4,3,4,3,3,3,4,2,4,4,3,4,4,7
5,5,5,2,5,3,2,5,4,4,4,5,4,5,5,2,5,4,5,5,5,2,4,5,4,5,5,9
1,1,1,2,1,1,1,4,3,3,2,2,4,3,3,1,5,0,1,2,4,4,2,4,1,3,3,2
3,3,3,3,3,3,3,3,3,3,3,3,3,3,3,3,3,3,3,3,3,3,3,3,3,3,3,6
3,3,3,3,2,2,2,4,4,3,4,4,4,3,3,2,4,4,2,3,4,3,3,4,3,3,4,7
4,3,3,2,2,3,3,5,3,2,2,2,2,2,2,2,3,4,2,4,3,2,4,4,3,3,2,4
3,4,4,4,2,4,2,4,4,4,4,4,4,4,4,2,4,4,2,4,4,4,4,4,2,4,4,6
5,5,4,1,5,5,5,5,5,5,5,5,0,4,3,5,5,5,5,5,5,5,4,5,5,5,4,24
0,0,0,0,0,0,0,0,0,0,0,0,0,0,0,0,0,0,0,0,0,0,0,0,0,0,0,-9
1,3,4,3,3,1,4,3,4,4,5,5,5,5,3,1,5,5,1,1,1,5,1,4,3,4,1,4
4,3,3,5,4,3,4,4,4,5,4,4,5,5,4,2,5,4,3,4,5,4,4,4,4,4,3,4
1,3,1,1,1,1,1,1,1,1,1,1,1,1,1,1,3,3,1,2,3,4,3,3,3,3,4,2
4,5,5,4,4,2,1,5,5,5,5,4,5,5,4,2,5,5,3,4,5,5,3,5,3,5,5,10
3,3,2,3,3,2,4,4,4,3,4,4,4,4,3,2,5,4,3,3,4,4,3,4,3,3,2,-4
1,1,1,1,1,1,1,1,1,1,1,1,4,1,1,1,5,4,1,1,1,4,1,4,1,1,1,0
4,4,4,3,3,3,3,3,3,3,4,4,4,4,3,3,4,4,2,4,4,3,3,4,4,3,3,13
1,1,1,4,1,1,1,5,3,1,1,2,3,2,1,1,4,4,1,1,5,2,1,4,1,1,1,7
2,3,3,5,2,1,1,4,4,4,4,4,4,4,3,2,4,4,2,5,3,4,3,4,4,4,4,6
3,3,3,3,3,3,0,3,5,3,3,5,3,3,3,3,5,5,3,3,4,4,3,5,3,3,3,4
3,3,3,3,3,4,4,4,4,4,4,4,5,4,3,3,5,5,1,3,4,4,2,5,5,5,4,4
4,4,3,5,3,4,5,5,5,5,5,5,5,4,3,2,5,4,4,5,5,5,5,5,4,4,5,1
0,0,0,0,0,0,0,0,0,0,0,0,0,0,0,0,0,0,0,0,0,0,0,0,0,0,0,-9
3,3,1,1,1,3,3,5,5,5,5,5,5,5,5,1,4,4,3,1,5,5,3,5,3,5,5,8
3,3,4,3,2,4,3,3,2,2,3,4,4,3,3,2,4,3,3,2,4,3,3,4,4,3,2,9
2,2,2,3,2,2,2,5,5,5,5,5,5,5,4,1,5,5,1,1,4,4,4,5,4,4,4,3
1,1,2,1,1,1,1,4,3,3,4,3,4,4,3,1,4,4,1,1,3,4,1,4,3,4,2,3
4,3,3,3,3,3,4,4,4,4,4,4,5,4,3,3,4,4,3,5,3,3,5,5,4,5,3,11
4,4,3,4,4,3,3,5,4,5,5,5,5,5,4,3,5,4,3,4,4,5,4,4,4,5,4,4
3,3,3,3,3,3,3,5,5,5,5,5,5,5,4,3,5,5,3,4,5,4,3,5,3,4,5,6
1,1,2,3,2,1,1,4,2,2,3,3,2,3,2,1,3,4,2,4,3,2,2,3,2,1,4,7
3,3,1,1,1,1,1,4,5,5,5,5,5,5,5,1,5,5,2,5,4,3,5,5,3,5,5,-3
3,3,3,4,3,3,4,3,4,3,4,5,4,4,3,3,4,4,3,4,3,4,4,4,4,3,4,14
3,3,3,3,3,3,3,3,3,3,3,3,3,3,3,3,4,3,3,3,3,3,3,3,3,3,4,9
3,1,1,1,1,3,1,3,4,3,5,3,3,4,3,1,4,4,1,3,3,1,1,3,1,1,5,8
4,3,3,4,4,3,3,4,4,4,4,4,4,4,4,3,4,4,3,4,4,4,4,4,3,4,4,15
2,2,2,3,1,1,1,3,3,3,4,4,4,4,4,1,4,4,1,1,3,2,3,5,2,2,3,5
3,3,4,3,1,1,1,3,3,2,4,2,4,3,2,1,4,4,1,3,3,4,4,4,3,1,4,5
5,5,5,3,4,3,1,5,5,5,5,5,4,4,3,2,5,0,1,4,5,3,4,5,5,5,4,-1
3,3,3,3,2,1,1,3,3,3,3,4,4,3,3,2,5,4,2,2,3,3,3,3,3,3,3,6
4,3,5,4,4,5,5,5,5,5,5,5,5,5,5,2,5,4,2,2,5,2,2,5,5,5,4,7
4,4,5,4,3,2,4,4,4,4,5,4,5,5,4,2,5,5,3,4,4,4,3,5,4,5,5,6
3,3,3,4,3,4,1,5,4,4,5,3,5,5,3,1,5,4,3,4,5,4,3,5,3,4,3,13
2,2,1,4,1,1,2,4,3,3,4,3,4,4,4,1,4,4,1,2,3,4,1,4,3,3,4,11
3,3,3,4,3,3,3,4,4,4,3,4,3,4,3,2,4,4,3,3,4,3,3,4,3,3,4,9
2,3,1,1,1,1,1,4,3,2,4,3,2,3,2,1,3,4,2,2,4,1,2,3,2,2,2,6
3,3,3,5,2,2,1,4,4,4,4,4,5,4,4,1,5,4,1,4,4,3,4,4,4,4,4,-5
2,2,2,3,2,1,1,3,3,2,3,3,2,2,2,1,2,2,2,2,4,2,3,3,2,2,3,8
4,3,4,3,4,3,5,5,4,3,5,5,5,4,4,2,4,4,3,4,3,4,4,5,4,3,4,18
3,2,2,2,2,2,2,4,4,4,4,4,3,4,4,2,4,2,2,2,3,2,3,4,2,3,2,4
3,3,4,3,4,2,3,4,4,4,4,4,4,4,4,2,4,4,3,4,4,4,3,4,3,4,4,6
3,3,1,2,2,2,2,3,2,2,2,3,3,3,3,1,3,4,1,1,2,4,1,3,1,1,3,-3
3,2,2,3,3,2,1,4,3,4,3,4,4,4,3,1,5,3,1,5,4,3,2,4,3,4,4,4
4,3,3,3,1,1,1,4,4,4,4,5,5,4,3,1,4,5,1,1,4,5,2,5,4,4,4,-1
4,3,2,3,4,5,4,5,4,2,5,5,4,5,4,2,5,2,5,5,4,4,4,5,3,2,4,16
4,3,4,5,5,3,3,4,4,0,4,4,4,3,4,4,5,5,3,4,4,3,3,4,3,4,3,11
5,4,3,4,3,5,4,4,5,5,5,3,5,4,4,1,5,5,4,5,4,5,5,5,4,4,2,5
3,3,3,4,3,2,2,3,4,4,4,4,4,4,4,3,5,5,4,3,3,4,3,4,3,4,4,-2
3,3,3,3,3,3,3,3,3,3,3,3,3,3,3,3,3,3,3,3,3,3,3,3,3,3,3,8
3,3,3,3,3,3,3,3,3,3,4,4,3,3,3,2,3,3,3,3,3,3,3,3,3,3,3,1
4,3,4,3,3,3,3,4,4,4,4,4,4,4,4,2,4,4,2,3,4,4,3,4,3,4,4,7
3,3,2,2,2,3,2,3,4,4,4,4,4,4,4,2,4,4,3,2,4,4,2,4,3,4,0,7
3,3,0,3,3,3,3,3,3,3,3,3,3,3,3,3,3,3,3,3,3,3,3,3,3,3,3,0
3,3,3,3,3,2,1,4,3,3,3,3,3,3,3,3,4,3,3,3,4,3,3,4,3,3,3,5
3,4,4,4,2,2,2,4,4,4,5,5,5,5,3,2,5,5,3,3,4,4,4,4,4,4,4,-1
3,3,3,3,3,2,1,3,3,3,3,4,4,4,3,2,4,4,1,3,3,3,3,4,3,3,4,8
1,1,1,1,1,1,1,1,1,1,1,2,1,2,1,1,3,2,1,1,2,1,4,3,1,2,2,0
1,1,1,1,1,1,1,2,1,2,2,1,1,1,1,1,2,2,1,1,2,1,1,2,1,1,1,0
1,1,1,2,1,1,1,5,4,4,4,4,5,4,2,1,5,5,1,3,5,5,1,5,1,5,4,13
3,3,3,3,3,2,4,0,3,3,4,3,4,4,3,2,4,4,3,3,4,4,4,4,3,3,4,6
4,3,3,3,3,4,4,4,4,4,4,4,4,4,3,3,4,4,4,4,4,4,4,4,3,3,3,8
3,2,3,3,3,3,1,4,3,3,3,3,4,4,4,2,5,5,1,3,1,5,3,4,3,3,4,2
3,2,2,4,3,1,2,4,3,3,4,3,2,4,4,2,4,3,1,3,4,1,3,4,3,1,4,-2
4,3,3,3,2,2,2,4,4,4,4,4,4,4,4,2,4,4,2,4,4,2,4,5,3,2,4,5
2,2,2,3,1,1,3,4,4,3,3,3,4,4,2,1,5,4,1,4,4,3,3,4,3,2,3,2
1,3,1,4,1,1,1,5,3,2,4,3,5,3,3,1,5,3,1,1,3,2,3,5,3,3,2,10
2,3,3,2,2,3,1,1,3,3,2,4,5,4,3,1,5,5,1,2,3,4,3,3,3,4,4,1
4,3,4,3,3,3,2,4,4,3,3,4,4,4,2,2,4,4,3,2,3,3,4,4,3,4,3,4
3,2,2,3,2,2,2,5,5,5,5,5,4,4,4,1,5,5,5,5,5,4,4,5,4,5,3,5
5,3,2,4,3,3,4,4,5,4,4,4,4,4,4,2,4,4,4,4,4,3,4,4,3,4,2,14
2,2,3,3,2,2,2,4,3,3,3,3,3,4,4,2,4,3,3,2,3,2,3,3,2,4,0,5
3,3,3,3,3,3,4,3,4,5,4,5,5,3,3,3,5,4,3,4,4,4,4,5,2,5,2,5
3,1,1,1,1,4,1,4,5,4,5,5,3,4,4,1,3,3,3,4,4,1,1,4,3,1,1,2
5,5,4,4,4,5,4,4,5,5,4,5,5,4,4,3,5,5,5,5,5,5,5,5,4,5,4,10
4,3,1,3,2,1,1,3,4,2,2,2,4,3,2,2,4,4,2,4,3,4,4,5,2,2,4,3
3,3,3,2,2,2,2,2,2,3,3,2,3,2,3,2,3,3,2,2,2,2,2,3,3,2,3,4
1,1,1,2,1,1,1,4,1,4,4,4,4,4,2,1,4,3,1,1,4,4,1,4,1,1,1,4
3,2,2,1,1,1,1,4,4,3,5,4,4,5,2,2,5,5,4,4,4,4,4,5,2,2,2,9
5,5,5,5,4,2,3,5,5,5,5,5,4,4,4,5,5,4,3,3,5,4,4,5,5,3,4,18
3,3,3,2,2,2,2,4,4,4,4,4,5,4,4,3,4,3,2,4,4,3,4,4,3,3,3,5
3,3,3,5,3,3,3,3,4,4,4,4,4,4,4,1,4,4,2,3,4,0,3,4,3,3,3,2
2,4,2,4,1,1,1,4,4,4,4,2,4,4,2,1,4,4,2,4,4,2,4,5,2,2,4,4
4,4,3,3,3,2,2,4,5,4,4,3,3,4,2,2,5,5,1,4,4,2,3,5,3,2,4,3
3,4,4,4,3,1,1,4,4,5,4,4,5,4,3,2,5,4,1,3,3,4,3,5,3,4,4,-4
4,3,1,1,1,3,1,3,3,4,4,4,5,3,3,1,5,5,1,3,3,4,4,5,3,4,3,5
2,2,2,3,2,2,2,4,3,4,4,3,4,4,4,1,4,4,1,3,3,4,3,4,2,4,4,10
3,3,3,3,3,3,3,4,3,3,4,4,4,3,3,3,4,3,2,3,3,4,3,4,3,3,3,3
3,3,3,3,2,1,3,5,5,5,5,5,5,5,4,1,5,5,3,4,5,5,3,5,2,5,5,11
4,3,3,2,3,4,3,5,5,5,5,5,4,5,4,2,5,4,2,4,4,4,3,5,3,5,2,8
2,2,2,2,2,2,3,2,4,4,3,4,4,4,3,2,4,4,2,3,3,4,3,4,2,2,4,6
3,4,4,2,3,2,1,2,3,4,4,3,4,3,3,2,4,3,3,5,2,4,3,5,3,2,4,5
3,4,2,4,1,1,1,5,4,4,5,5,4,4,3,1,5,5,1,1,5,0,1,4,1,3,3,5
4,3,3,4,2,2,2,4,4,4,4,4,4,4,3,3,4,4,3,3,4,2,4,4,4,4,3,2
3,3,2,2,2,4,2,5,4,3,4,3,5,4,3,1,5,5,3,4,4,4,2,5,3,3,4,5
3,2,3,2,3,1,1,4,4,4,4,4,5,4,3,2,5,4,2,4,4,3,3,4,3,0,3,6
3,3,3,3,3,2,3,4,4,3,4,3,4,4,3,3,5,4,3,3,4,4,3,4,3,3,4,-6
4,4,4,4,4,3,4,5,5,5,5,5,3,5,5,4,5,4,4,4,5,3,4,5,5,3,3,-1
3,4,3,4,3,2,1,3,3,4,3,3,5,4,3,1,5,5,1,5,5,5,3,5,3,4,5,2
3,3,0,3,3,3,2,3,3,4,4,3,4,4,3,3,4,4,3,3,4,4,4,3,3,4,4,6
1,1,1,1,1,0,1,1,4,1,1,1,1,1,1,1,1,1,1,1,1,1,1,5,1,1,1,0
3,1,2,2,2,2,4,5,5,5,5,5,5,5,5,2,5,5,1,3,5,3,3,5,2,5,5,11
1,1,1,1,1,1,1,1,1,1,1,1,1,1,1,1,3,4,2,1,1,1,1,1,1,1,1,2
3,3,3,3,4,2,2,5,5,5,5,5,5,5,4,2,5,5,3,2,4,5,3,5,3,5,3,6
1,1,1,3,1,1,1,3,3,1,3,1,3,4,3,1,4,4,1,1,4,2,1,4,1,1,1,2
3,3,1,2,2,1,1,5,4,3,3,3,3,4,3,1,4,4,1,3,5,2,1,4,3,2,1,8
4,4,4,4,1,1,1,4,4,4,5,5,5,3,3,1,5,5,1,4,3,1,4,4,4,3,4,6
2,3,2,3,2,3,4,4,3,3,3,4,3,2,3,2,5,4,2,4,3,2,2,4,1,2,4,6
2,2,2,2,2,2,2,4,3,3,3,4,3,3,3,1,4,4,1,5,4,3,3,4,2,2,2,2
4,3,2,4,3,4,2,4,4,4,4,4,5,4,4,3,4,4,3,4,5,3,4,5,4,4,3,9
3,3,2,4,4,1,3,4,4,2,5,4,4,4,3,2,4,2,3,4,4,4,4,4,3,1,3,6
3,2,1,2,1,1,1,4,3,3,4,4,2,3,3,1,4,3,1,1,3,1,5,4,1,3,3,5
3,2,2,2,2,2,2,4,4,4,4,4,4,4,3,1,5,4,2,3,4,4,2,4,2,4,4,12
1,1,3,1,1,1,1,3,2,1,2,3,4,3,3,1,2,3,1,1,4,3,3,4,1,1,2,2
1,1,1,3,1,1,1,3,2,3,4,4,4,3,3,1,3,2,1,2,2,3,1,3,1,2,2,1
4,3,3,2,2,3,3,4,4,3,4,4,4,4,3,2,4,3,2,4,4,4,3,4,3,2,3,-3
3,3,2,2,3,4,3,4,4,3,4,4,4,4,3,0,4,4,3,4,4,4,3,0,0,2,2,2
4,3,3,1,1,4,4,5,4,4,4,4,5,5,4,1,5,5,4,4,5,4,3,5,3,4,5,11
1,1,1,2,2,1,1,2,2,2,2,2,4,2,2,2,3,1,1,1,3,3,2,4,3,1,2,-1
3,2,1,2,2,1,1,1,5,2,3,5,5,5,3,1,5,5,1,3,3,1,4,5,4,1,4,2
2,2,1,2,2,2,2,4,4,4,3,4,5,4,4,1,4,4,1,3,4,4,4,5,2,3,4,6
1,3,1,3,1,1,1,3,3,1,1,3,3,2,1,1,4,4,3,2,1,4,1,4,1,1,1,2
3,3,3,3,3,1,1,4,3,4,4,3,4,3,3,1,4,4,1,3,4,4,3,4,3,3,4,8
3,3,3,3,3,3,3,3,3,3,3,3,3,3,3,3,3,3,3,3,3,3,3,3,3,3,3,5
3,4,4,3,3,1,1,4,4,5,5,5,5,5,4,1,5,5,1,3,4,4,1,5,3,4,4,5
1,1,1,1,1,1,1,4,4,4,4,4,4,4,4,1,4,4,1,1,4,3,1,4,1,4,4,3
5,5,5,5,5,2,5,5,5,5,5,5,5,5,1,5,5,5,5,5,1,5,5,5,0,5,2,5
2,2,2,2,2,1,1,3,2,2,2,2,4,3,2,2,4,3,1,3,4,4,3,4,3,2,2,2
3,3,0,4,3,4,2,4,4,4,4,4,4,4,4,0,4,4,3,4,3,2,4,4,3,3,3,-3
2,2,2,1,1,1,1,5,3,3,3,3,4,3,3,1,4,4,2,2,4,4,3,4,2,2,2,3
3,2,2,2,2,2,1,5,5,2,5,2,3,4,2,2,4,2,2,3,5,2,3,5,2,2,4,4
4,3,3,2,1,1,1,1,4,3,3,4,5,5,4,1,4,5,1,5,2,5,4,4,3,2,4,1
4,4,4,4,4,3,3,4,4,4,4,4,4,4,4,2,4,4,4,5,3,4,4,4,4,4,4,4
2,2,2,1,1,1,1,3,3,2,3,3,2,3,3,2,2,1,1,2,4,1,2,3,2,2,2,9
4,4,4,3,3,3,4,5,4,5,5,5,5,4,3,3,5,5,3,4,5,5,3,5,3,5,4,5
4,4,4,4,4,3,1,4,4,4,4,4,4,4,3,2,5,5,1,4,4,3,4,4,3,4,4,8
3,3,3,3,3,3,3,3,3,3,3,3,3,3,3,3,3,3,3,3,3,3,3,3,3,3,3,4
3,2,2,2,2,2,3,4,2,0,3,4,4,3,2,2,4,0,1,3,2,4,3,2,3,4,4,0
3,3,3,2,3,3,3,3,3,3,3,3,3,3,3,3,4,4,3,3,3,3,3,3,3,3,3,-9
3,3,4,4,3,3,4,4,4,4,4,4,4,4,4,4,4,3,4,4,4,4,5,5,4,4,4,8
4,3,3,1,4,4,4,4,4,4,4,4,4,4,4,4,4,4,4,4,4,4,3,4,3,4,4,12
3,3,3,2,2,1,1,5,4,4,5,5,5,4,4,1,4,5,1,1,4,5,3,5,2,4,3,15
3,2,5,2,2,2,2,4,4,4,4,4,5,3,3,1,5,0,1,3,3,3,3,5,2,3,3,13
1,2,2,1,1,1,1,1,2,2,3,3,4,3,3,1,4,5,1,2,3,2,4,5,2,2,2,4
1,1,1,1,1,1,1,2,3,1,3,4,5,4,4,1,5,5,1,1,4,2,1,4,1,0,3,1
1,2,4,4,1,1,1,4,3,3,4,3,5,4,3,1,5,4,1,1,3,5,1,5,1,1,1,5
3,3,2,3,2,3,4,4,4,4,4,3,3,4,4,1,4,4,3,3,4,4,3,4,3,3,3,6
5,5,5,4,4,4,2,4,4,4,4,4,4,4,4,3,5,5,4,4,4,4,5,5,5,5,5,7
3,3,4,4,1,1,1,4,4,4,4,4,5,4,4,1,5,5,1,3,4,4,3,5,3,4,3,7
4,3,3,2,3,2,3,4,4,4,4,4,4,4,4,3,4,4,4,4,5,4,3,4,2,4,4,4
4,3,4,3,3,4,4,4,3,4,3,3,5,5,4,3,5,5,5,5,5,5,5,5,5,3,5,6
1,1,1,1,1,1,1,1,1,1,1,1,3,1,1,1,1,1,1,1,1,3,1,1,1,1,1,1
3,3,2,3,2,2,2,4,4,4,4,3,4,4,3,2,5,4,2,4,3,2,4,4,3,4,4,7
1,1,1,2,1,1,1,3,2,2,2,2,2,2,2,1,2,2,2,2,2,2,2,4,1,1,2,4
3,3,2,4,2,1,1,4,3,3,4,4,4,4,3,1,5,4,2,3,4,2,3,4,4,4,2,7
2,3,3,3,2,4,3,4,3,4,3,3,4,3,2,2,4,4,2,3,4,5,3,4,1,2,3,3
5,5,5,5,3,5,5,5,5,5,5,5,5,5,5,5,5,5,5,5,5,5,3,5,5,5,5,14
3,3,2,3,2,1,1,3,2,2,3,3,3,3,2,1,5,5,1,3,3,3,4,4,2,2,3,4
4,4,2,2,4,4,4,4,4,4,4,4,4,4,4,3,4,4,4,4,4,2,2,4,4,2,2,9
4,3,2,4,2,2,2,4,3,3,3,4,3,4,3,2,3,3,2,4,4,2,3,4,3,3,4,-3
1,1,1,1,1,1,1,5,5,5,5,5,5,5,5,5,5,5,1,5,5,1,5,5,5,5,1,6
1,1,1,1,1,1,1,4,3,3,4,2,3,2,1,1,1,1,1,1,1,1,1,4,1,1,2,1
2,2,2,2,3,3,3,4,3,3,4,4,4,4,3,1,3,4,1,3,4,4,2,5,2,3,4,7
3,3,2,0,0,0,0,0,0,0,0,0,0,0,0,0,4,2,2,4,3,4,4,4,3,2,4,2
5,5,3,5,2,3,1,3,5,5,5,5,5,5,5,1,5,3,1,5,5,5,3,5,3,4,5,12
3,3,3,3,3,3,3,3,3,3,3,3,3,3,3,3,3,3,3,3,3,3,3,3,3,3,3,27
3,4,4,4,3,2,1,3,3,4,3,3,4,4,3,1,3,2,1,3,4,5,3,4,3,2,3,5
3,3,3,3,3,4,3,3,3,0,3,4,4,4,4,3,4,4,2,3,3,3,3,4,4,4,4,2
4,4,5,4,4,3,4,5,5,5,5,5,5,5,4,4,5,5,3,4,5,5,4,5,4,5,5,18
5,3,5,5,3,3,5,4,5,5,5,5,5,5,5,4,5,5,5,5,3,3,3,5,5,5,5,1
2,2,2,2,2,2,2,5,2,2,2,2,2,2,2,2,2,2,2,2,5,2,2,2,2,2,2,1
3,2,2,4,3,2,2,2,3,3,3,3,4,3,3,1,4,4,2,3,2,3,3,4,3,3,4,15
3,3,3,2,2,3,4,4,4,4,4,4,4,2,2,2,4,4,3,4,4,3,4,4,3,4,3,7
2,3,4,3,3,5,3,5,5,3,3,4,5,5,3,2,5,5,1,1,4,5,2,5,3,3,1,6
4,3,3,3,2,2,2,4,4,4,5,4,4,4,4,2,4,4,2,4,3,2,3,5,3,4,3,1
4,2,2,4,4,1,1,3,3,4,5,5,4,4,4,1,5,4,1,5,3,2,3,4,5,4,3,-5
3,3,5,3,4,1,3,5,4,3,4,4,5,5,3,1,5,5,4,4,5,5,5,5,3,2,4,2
3,3,3,4,3,3,2,4,3,3,4,4,2,3,3,2,4,3,2,3,4,3,3,4,3,3,4,4
2,2,2,4,2,2,2,3,3,3,2,2,2,2,2,2,3,0,2,2,3,4,1,3,2,2,4,2
1,1,1,1,1,1,1,1,1,1,1,3,1,1,1,1,3,3,1,1,1,1,1,3,1,3,1,0
2,2,1,2,1,1,1,4,2,2,4,2,4,2,2,1,4,3,1,4,4,2,2,4,2,2,2,3
2,2,3,5,1,1,1,5,5,5,5,5,5,5,4,1,5,5,1,0,4,5,3,5,3,5,4,4
4,3,5,5,3,1,1,5,5,5,5,3,5,5,5,3,5,5,2,4,5,5,4,5,5,4,4,18
3,4,2,2,1,1,1,5,5,3,4,3,4,4,3,1,4,4,1,1,4,3,1,5,3,2,5,7
2,3,1,3,1,1,1,5,3,3,4,5,4,3,3,1,3,4,1,1,3,4,3,4,1,3,3,8
3,3,3,3,2,1,1,4,3,4,4,4,4,4,3,1,4,4,1,3,4,4,3,4,3,3,4,2
3,3,3,3,3,3,3,3,3,3,3,3,3,3,3,3,3,3,3,3,3,3,3,3,3,3,3,2
4,3,4,4,3,2,2,4,4,3,4,4,4,4,4,2,4,4,2,3,4,4,3,4,3,2,4,1
3,2,2,4,2,1,1,5,4,4,3,3,5,3,3,1,5,3,2,5,3,2,1,5,2,4,2,5
3,3,2,3,2,2,1,5,4,5,4,5,5,4,4,2,4,5,1,5,4,5,3,4,3,5,3,3
3,3,4,3,3,1,2,4,4,4,4,4,4,4,4,1,4,4,2,4,5,4,4,4,3,4,2,8
4,3,4,4,3,3,1,4,4,3,4,4,5,3,3,1,4,4,1,3,3,5,3,5,3,3,3,11
5,5,5,4,4,4,5,5,5,5,5,5,5,5,5,3,5,5,5,5,5,4,5,5,3,5,5,4
4,3,3,4,1,4,4,4,4,4,4,3,4,4,4,1,4,3,4,4,4,2,2,4,4,2,4,0
1,3,3,3,3,2,3,4,3,3,2,2,4,3,1,1,5,5,2,4,4,4,1,4,1,2,4,4
3,3,2,3,1,1,1,3,3,3,3,3,4,4,4,1,4,4,1,3,3,3,3,4,3,3,4,3
0,0,0,3,3,3,3,3,3,3,3,3,3,3,3,3,0,0,0,0,0,0,0,0,0,0,0,-9
5,3,3,2,3,3,5,5,5,5,5,5,5,5,5,2,4,5,4,5,5,3,3,5,3,4,5,6
1,1,1,1,1,1,1,1,1,1,1,1,1,1,1,1,3,3,1,1,1,3,1,5,1,1,1,0
3,3,2,2,2,2,2,4,4,4,4,4,5,5,5,1,4,5,1,3,5,4,3,4,3,3,4,2
3,3,3,4,3,4,2,4,4,4,4,4,4,4,3,3,4,4,1,3,3,4,3,4,3,2,4,5
4,4,3,4,3,3,5,4,3,3,4,4,4,4,3,3,5,4,3,5,4,4,4,5,3,2,3,9
3,3,3,2,3,3,2,4,2,2,2,3,3,3,3,2,2,2,3,1,1,1,2,3,3,3,4,6
1,3,1,1,1,1,1,4,3,2,4,4,4,4,2,1,4,3,1,1,4,3,4,4,1,1,4,1
5,5,5,4,5,3,2,5,5,5,5,5,5,4,4,3,5,5,3,3,5,5,4,5,4,5,4,5
2,2,1,3,1,1,1,4,3,3,4,3,4,4,2,1,4,5,2,3,4,3,3,4,2,3,3,1
3,3,3,0,0,0,0,0,0,0,0,0,0,0,0,0,3,3,1,3,3,4,3,3,2,3,3,3
3,3,3,3,3,3,3,4,4,4,4,4,4,3,3,3,5,5,3,3,3,3,3,3,3,3,3,7
2,2,2,3,1,1,1,4,3,3,2,3,4,3,2,1,5,2,1,1,4,4,1,4,2,2,2,2
4,4,3,4,3,4,4,4,4,4,4,4,4,3,3,3,5,3,4,3,3,2,2,4,4,3,2,7
3,3,4,3,3,3,3,4,4,4,3,3,4,4,3,1,4,4,3,3,4,4,3,5,2,2,3,7
1,3,4,3,1,1,1,3,3,3,4,3,4,4,2,1,4,3,1,1,4,4,1,4,1,2,4,2
4,5,3,5,2,5,1,4,3,5,4,5,5,3,3,1,5,5,1,2,3,5,4,5,3,5,2,0
4,4,4,4,4,4,4,5,4,4,4,4,3,3,3,4,4,4,5,5,4,3,3,4,5,3,3,5
4,3,2,3,3,3,3,4,4,4,4,4,5,4,3,3,5,5,4,5,4,4,4,5,4,4,4,13
4,3,3,3,2,3,2,3,3,3,3,3,4,4,3,2,4,4,3,4,3,4,3,4,4,3,4,4
3,2,2,4,2,2,2,3,4,2,4,3,2,4,3,2,3,2,2,4,2,2,3,4,2,2,3,6
2,2,2,4,2,1,1,4,4,4,2,2,4,3,3,1,5,5,2,4,2,3,2,4,3,2,2,3
4,4,4,4,4,4,4,4,4,4,4,4,4,4,4,3,5,5,4,4,4,4,3,4,4,4,4,7
2,2,2,2,2,2,0,4,4,4,4,4,4,4,4,2,4,4,2,3,4,4,3,4,2,3,3,0
4,4,4,4,4,3,3,3,4,4,4,0,4,4,3,2,5,4,3,3,4,5,4,4,3,4,4,9
5,4,4,4,5,5,5,5,5,5,5,5,5,5,5,2,5,5,3,5,5,3,5,5,3,5,5,6
3,3,3,3,3,3,3,3,3,3,4,4,4,4,3,3,5,5,3,3,3,5,3,5,3,4,3,2
3,3,2,2,1,1,2,3,3,3,3,4,4,4,3,1,4,3,1,3,3,3,3,4,2,2,4,1
4,3,3,3,3,2,2,4,4,2,4,4,4,4,2,2,4,4,4,4,4,2,2,4,2,1,3,9
5,5,4,5,5,5,5,5,5,5,5,5,5,5,5,3,5,5,5,5,5,5,5,5,5,5,5,5
3,4,3,3,3,3,4,4,4,4,4,4,4,4,4,2,5,5,3,4,4,4,4,5,3,4,4,2
5,5,4,2,5,5,1,5,5,5,5,5,5,5,5,5,5,5,1,5,5,2,1,5,5,5,5,1
4,3,4,4,3,2,3,4,4,4,4,4,4,4,3,2,4,4,4,3,4,4,3,4,3,4,3,6
1,1,2,3,1,1,1,1,1,2,1,3,2,2,1,1,2,1,1,1,1,1,1,2,1,1,3,1
2,2,4,2,2,4,4,4,4,4,2,4,4,4,4,2,5,5,2,4,4,4,2,4,2,4,2,7
4,3,2,4,3,2,4,5,5,4,5,5,5,4,3,2,5,4,3,4,4,2,3,5,4,3,3,9
3,4,3,3,3,3,2,4,3,4,4,4,3,3,3,3,4,4,3,3,3,3,4,4,3,3,4,8
3,3,3,4,3,1,3,4,3,4,4,3,3,4,3,2,4,3,1,3,4,3,3,4,2,3,3,-7
4,4,4,3,4,1,1,2,4,4,3,3,5,4,4,2,5,5,5,5,2,5,2,4,3,3,4,0
3,3,1,4,1,1,5,4,4,5,3,4,4,3,2,1,4,4,2,2,4,4,4,5,3,2,1,3
4,3,3,4,4,4,1,5,4,4,5,5,4,4,4,3,5,4,1,4,5,3,4,5,3,4,4,23
4,2,3,3,2,4,4,4,4,4,4,4,4,4,3,2,5,5,3,4,4,4,2,5,3,4,4,4
4,5,3,4,4,2,4,5,5,5,5,5,5,5,4,3,5,5,4,5,5,5,3,5,5,5,3,9
3,1,1,3,1,1,1,3,4,3,4,4,3,3,3,1,3,3,1,1,3,1,1,3,2,1,3,7
1,1,1,3,2,2,2,2,2,2,2,2,4,2,2,2,4,4,1,1,1,4,3,3,1,1,1,0
3,3,4,4,4,3,3,3,3,3,3,3,3,4,4,4,3,4,4,4,4,4,3,3,3,3,3,10
5,3,4,3,4,1,1,4,5,5,5,5,5,5,5,3,5,4,1,5,5,4,3,5,5,5,5,16
4,4,4,3,4,2,4,4,4,4,4,4,4,4,4,4,5,5,1,4,4,4,4,5,3,4,3,4
1,2,1,5,1,1,1,3,4,4,5,5,5,5,5,1,5,4,1,2,3,3,1,5,2,3,4,-4
2,3,2,2,2,1,1,2,2,3,2,2,4,3,2,1,4,4,1,2,2,4,3,4,2,3,4,1
3,3,3,3,3,3,3,3,3,3,3,3,3,3,3,3,3,3,3,3,3,3,3,3,3,3,3,8
1,1,1,2,2,2,2,3,2,2,2,2,2,2,2,1,3,3,1,1,1,1,1,3,1,1,1,2
3,3,3,4,3,3,3,3,3,3,3,3,3,3,3,3,4,3,3,3,3,3,3,3,3,3,3,9
1,1,1,3,3,3,1,1,1,1,1,1,1,1,1,1,1,0,1,1,1,1,1,1,1,1,1,3
1,1,1,1,1,1,1,1,1,1,1,1,1,1,1,1,2,2,1,1,3,1,1,1,1,1,1,2
4,3,4,3,4,4,1,3,5,4,5,5,5,4,3,2,5,5,3,5,4,3,3,5,4,4,5,11
4,4,3,3,3,3,1,5,4,3,4,4,4,4,3,2,4,4,2,4,4,2,4,4,4,3,5,4
1,1,1,2,1,1,1,4,3,3,4,4,4,4,3,1,4,4,1,1,4,3,1,4,2,2,3,4
3,2,4,3,3,2,4,4,4,4,4,4,4,4,2,2,5,5,3,4,4,4,3,4,2,2,5,7
3,2,2,2,2,2,3,4,4,3,4,4,3,4,3,2,4,4,3,4,4,2,4,4,3,2,2,6
1,1,1,1,1,1,1,3,4,4,2,3,5,2,1,1,4,4,1,3,4,5,2,4,1,1,1,1
1,1,1,1,1,1,1,1,1,1,1,1,1,1,1,1,1,1,1,1,1,1,1,1,1,1,1,0
3,3,2,3,2,2,2,3,3,2,4,4,4,3,2,2,4,3,2,3,3,4,3,4,4,3,2,3
4,4,4,4,4,3,3,4,4,4,4,4,4,4,3,3,4,4,4,4,4,4,4,4,4,4,4,-4
1,1,1,3,1,1,1,3,3,2,2,4,5,4,3,1,5,4,1,1,3,3,1,5,3,1,1,3
4,1,1,4,3,3,3,3,4,3,5,3,4,3,3,2,5,5,1,3,3,3,5,3,3,2,4,2
0,0,0,0,0,0,0,0,0,0,0,0,0,0,0,0,0,0,0,0,0,0,0,0,0,0,0,-9
4,3,3,3,1,1,1,4,4,3,4,3,2,4,3,1,4,4,1,4,4,2,1,4,4,3,5,6
2,3,2,3,0,2,2,4,4,3,5,4,5,5,3,1,5,5,2,2,4,2,3,5,2,2,2,-3
4,4,3,3,3,3,1,4,3,4,4,4,5,3,3,3,5,4,1,4,4,4,3,4,4,3,3,6
3,2,2,4,2,2,4,4,5,0,2,4,4,4,2,1,5,5,4,4,4,4,0,3,4,2,4,13
0,0,0,0,0,0,0,0,0,0,0,0,0,0,0,0,0,0,0,0,0,0,0,0,0,0,0,12
3,1,2,4,2,3,3,4,4,4,4,4,3,4,2,2,4,3,3,3,4,4,2,4,3,4,2,14
3,3,4,2,2,2,4,5,3,4,4,3,5,4,4,2,5,5,1,3,5,5,2,5,2,2,3,3
4,4,3,4,4,1,1,3,4,4,4,4,4,4,4,4,4,4,1,4,3,4,4,4,4,3,4,10
0,0,0,0,0,0,0,0,0,0,0,0,0,0,0,0,0,0,0,0,0,0,0,0,0,0,0,-9
3,3,1,1,1,1,4,5,5,4,4,4,5,4,3,1,5,5,3,4,5,5,3,5,3,3,4,9
3,3,3,3,3,3,3,3,3,3,3,3,3,3,3,3,3,3,3,3,3,3,3,3,3,3,3,7
3,3,3,3,3,3,3,3,3,3,3,3,3,3,3,3,3,3,3,3,3,3,3,3,3,3,3,3
4,3,4,3,3,3,4,5,5,5,5,5,5,5,5,2,5,4,5,5,5,5,5,5,3,4,4,-2
3,4,1,4,1,1,1,5,5,5,5,5,5,5,5,1,5,4,1,4,5,5,4,5,3,4,1,10
2,1,2,3,1,1,1,5,3,3,4,5,2,4,3,1,2,2,1,2,5,2,2,4,1,3,2,2
3,3,2,2,2,2,2,4,3,3,3,2,3,3,3,2,4,4,3,3,3,3,3,4,3,3,3,9
3,3,2,2,2,2,3,4,4,3,4,4,3,3,3,2,3,3,3,4,3,2,3,4,2,3,3,10
3,3,3,4,3,2,2,4,4,3,4,4,4,4,3,2,4,5,4,3,4,4,3,4,4,2,3,8
4,4,3,0,3,2,1,4,4,4,4,4,4,4,3,2,5,5,2,3,4,4,4,5,4,4,5,-3
3,3,4,3,2,2,1,3,3,4,3,4,5,4,3,1,5,5,1,3,3,5,2,5,3,5,4,6
3,3,3,3,3,3,3,4,3,3,3,3,4,3,3,1,3,4,3,5,4,4,1,4,3,3,3,9
3,3,4,4,3,3,2,4,4,4,4,4,4,3,3,2,4,3,1,0,4,3,1,4,3,2,4,12
1,1,1,1,1,1,1,1,1,1,1,1,1,1,1,1,1,1,1,1,1,1,1,4,1,1,1,0
3,2,1,2,2,1,1,3,3,3,4,2,4,3,3,1,5,5,1,4,3,4,2,5,2,2,3,2
4,4,4,4,4,4,4,4,4,4,4,4,5,4,4,4,5,5,4,4,4,5,4,5,4,5,5,-9
1,1,1,3,1,1,1,4,4,3,4,3,4,4,4,1,4,4,1,1,4,1,1,4,3,3,3,5
3,3,1,4,1,1,1,4,3,4,4,4,5,4,2,1,5,3,1,4,4,5,3,5,2,3,2,0
3,3,2,3,2,2,1,4,3,3,4,4,4,3,3,2,5,4,1,2,3,3,2,4,3,2,2,1
4,3,4,2,4,3,3,4,4,4,5,4,4,5,5,2,5,4,2,2,4,4,3,5,3,4,4,-4
2,3,3,3,3,1,4,4,4,4,4,4,4,4,3,1,4,4,2,4,4,4,4,4,3,3,2,4
2,3,2,2,2,1,1,3,3,2,2,2,2,4,2,1,4,3,2,4,4,2,3,4,3,2,2,-2
3,4,4,2,3,3,2,4,4,4,4,4,5,4,4,3,5,4,3,4,4,3,4,5,4,4,4,3
1,1,1,1,1,1,1,1,1,1,1,1,1,1,1,1,1,1,1,1,1,1,1,1,1,1,1,-9
3,4,5,5,4,3,4,4,4,5,4,4,5,4,4,3,5,4,3,3,4,4,4,5,3,4,2,8
4,4,4,2,4,4,4,4,4,4,4,4,4,4,4,3,4,4,4,4,4,3,3,4,3,4,4,2
5,5,3,1,4,4,4,5,5,5,5,5,5,5,5,3,5,5,3,5,5,3,5,5,5,5,5,6
1,1,1,2,1,1,1,2,2,2,4,4,1,4,2,1,4,4,1,1,2,2,1,4,2,2,4,-5
4,3,3,3,2,2,4,5,5,5,5,4,5,3,3,2,5,5,3,4,4,4,3,5,3,4,4,14
3,3,3,3,3,2,4,3,4,4,4,4,4,4,4,3,5,5,3,5,3,4,4,4,3,4,4,10
3,4,1,4,3,1,3,5,4,2,3,3,2,4,2,1,4,4,2,4,5,1,1,4,4,2,1,5
1,2,1,4,1,0,1,4,4,3,3,3,4,4,3,1,4,3,1,1,4,4,1,4,2,3,2,6
3,3,3,3,3,3,3,3,3,3,3,3,3,3,3,3,3,3,3,3,3,3,3,3,3,3,3,5
4,4,4,3,4,3,2,4,4,4,4,4,4,4,4,2,5,5,3,4,4,4,4,4,4,3,4,-4
5,5,3,2,4,2,3,4,5,5,5,5,5,5,5,3,5,5,5,5,5,5,3,5,3,5,5,26
3,3,3,3,3,2,2,4,3,3,3,3,2,2,2,2,2,2,2,3,3,1,3,3,4,0,2,4
3,3,3,3,3,2,2,3,3,3,2,2,4,4,4,2,3,4,1,2,1,4,2,2,3,3,4,0
3,3,3,4,3,4,3,4,3,3,3,2,4,3,2,2,4,4,2,4,4,3,4,5,4,2,4,5
1,1,1,1,1,1,1,1,1,1,1,1,1,1,1,1,3,3,1,2,3,1,1,1,1,1,1,0
4,4,4,3,2,2,2,2,4,4,4,4,4,4,4,2,4,4,1,1,1,0,0,4,1,4,4,16
4,4,4,5,4,4,4,5,5,5,5,5,5,5,5,5,5,5,4,4,4,4,4,4,5,5,4,11
1,3,1,3,2,1,1,4,3,4,4,5,4,3,3,1,5,5,1,4,3,4,2,5,1,4,1,6
0,0,0,0,0,0,0,0,0,0,0,0,0,0,0,0,0,0,0,0,0,0,0,0,0,0,0,-9
0,4,3,3,4,1,2,5,5,4,4,4,5,5,4,2,5,5,4,5,4,4,3,3,2,4,4,10
1,1,1,1,1,1,1,1,1,1,1,1,1,1,1,1,5,5,1,1,1,5,1,1,1,1,5,0
5,5,1,5,5,5,5,5,5,5,5,5,5,5,5,5,5,5,4,5,5,5,5,5,5,5,1,6
5,5,5,5,5,2,5,5,5,5,5,5,5,5,4,4,5,5,5,5,5,5,5,5,5,5,5,11
4,3,2,4,4,2,3,5,4,4,4,4,5,4,2,2,5,5,4,4,4,2,2,5,3,4,2,6
5,5,4,5,5,5,5,5,5,5,5,5,5,5,5,5,5,4,4,5,4,4,4,5,5,5,4,10
2,2,2,4,1,1,1,4,2,2,3,3,3,3,3,1,4,4,1,2,3,1,2,4,3,2,2,3
1,1,1,2,1,1,1,4,3,4,4,4,3,3,3,1,3,3,1,1,4,3,4,3,1,1,1,5
3,2,2,3,1,3,5,2,3,3,1,3,2,3,1,1,3,2,2,4,2,2,4,4,1,1,4,0
3,3,1,3,3,1,2,4,3,3,4,3,4,3,3,1,4,4,1,4,3,4,3,4,3,3,4,12
0,0,0,5,5,5,5,5,5,5,0,0,0,0,0,0,5,5,5,5,5,5,5,5,5,0,0,9
1,1,2,4,3,1,1,3,3,3,4,4,4,4,3,1,4,4,1,1,4,2,1,3,1,2,2,9
2,4,3,3,3,1,1,3,3,3,3,3,4,3,3,1,4,4,2,3,3,4,2,4,1,1,3,4
3,3,3,4,3,2,2,4,3,4,4,3,4,4,3,3,3,4,0,2,3,2,2,3,2,2,2,3
4,3,3,3,4,3,4,4,3,4,4,4,4,4,3,2,4,3,5,5,4,3,4,4,4,4,4,4
4,4,4,3,3,3,4,4,4,4,4,4,4,4,4,3,5,5,1,4,5,5,4,5,3,3,4,6
4,4,4,2,2,1,1,5,5,5,5,5,5,5,5,1,4,5,1,5,3,5,3,5,4,4,4,3
1,1,1,1,1,1,1,4,1,1,1,1,4,1,1,1,3,4,1,2,3,2,1,3,1,1,1,0
0,0,0,0,0,0,0,0,0,0,0,0,0,0,0,0,0,0,0,0,0,0,0,0,0,0,0,0
4,4,4,4,4,4,4,4,4,4,4,4,4,4,4,4,4,4,4,4,4,4,4,4,4,4,4,2
4,3,3,4,3,3,4,3,3,4,4,4,4,3,3,1,4,4,3,3,4,4,3,4,4,3,3,2
5,4,5,3,5,5,5,5,5,5,5,5,5,5,3,4,5,5,4,4,5,5,4,5,4,3,5,13
5,5,5,2,4,4,4,5,4,5,5,5,5,4,4,3,5,5,5,5,5,5,5,5,5,5,5,4
4,1,4,4,5,4,3,5,5,4,5,4,0,5,5,3,5,3,4,4,5,4,4,5,4,3,2,15
3,3,3,3,1,1,4,4,4,4,4,4,4,4,4,1,5,4,3,5,5,5,4,5,3,5,4,10
5,1,1,3,5,1,1,1,1,5,5,5,5,3,3,3,5,5,5,5,3,5,3,5,0,1,5,5
3,3,5,4,1,4,4,4,5,5,5,5,5,5,5,3,5,5,4,5,5,5,5,5,3,5,5,14
1,1,1,5,1,1,1,3,2,2,3,2,4,3,4,1,4,4,1,1,3,3,1,4,1,1,1,8
3,1,1,3,3,1,1,4,3,3,2,2,4,4,1,1,5,5,1,4,4,4,3,5,3,3,4,-1
1,1,1,1,1,1,1,4,4,4,4,4,4,4,4,1,4,4,1,1,4,4,1,5,1,4,4,3
4,4,4,3,3,2,2,5,5,5,5,5,5,5,4,3,5,4,4,4,5,4,4,5,4,4,5,4
2,2,1,3,1,1,1,3,2,3,3,3,3,3,3,1,3,3,1,3,3,2,1,4,1,1,1,3
5,5,5,5,4,4,4,4,4,4,4,4,4,4,4,4,5,5,5,5,5,5,5,5,5,5,5,9
1,1,1,3,3,3,3,4,3,3,3,4,5,4,3,1,5,5,1,1,4,4,1,4,1,1,1,2
4,3,3,4,4,4,4,4,4,4,4,4,4,4,4,4,4,4,3,4,4,4,3,4,4,4,4,16
3,1,1,1,1,1,1,1,4,3,3,3,4,2,1,1,5,4,1,3,3,2,0,3,3,1,2,0
5,5,5,5,5,3,5,5,5,5,5,5,5,5,5,5,5,5,5,5,5,5,2,5,5,5,5,23
4,4,4,4,4,3,3,4,4,4,4,4,4,4,4,4,5,5,3,4,4,4,4,5,4,4,4,3
4,3,3,4,5,4,4,4,3,4,5,5,5,3,3,4,5,5,4,4,3,3,3,5,4,4,2,7
3,3,3,3,3,4,3,3,3,3,3,3,3,3,3,3,3,3,3,3,3,3,3,3,3,3,3,3
3,3,1,3,1,1,3,3,3,4,3,3,4,3,3,1,4,4,2,2,3,1,1,3,1,1,4,5
4,4,3,4,3,2,1,4,4,3,4,3,4,4,3,1,4,4,2,2,3,3,2,3,3,2,3,-1
1,1,1,1,1,1,3,3,3,3,3,3,4,3,1,1,4,4,4,4,4,3,2,4,1,3,3,1
1,2,2,3,2,1,1,4,4,4,2,3,4,3,4,1,4,3,1,3,4,4,3,5,1,4,4,1
2,2,3,3,1,1,1,4,3,4,4,3,4,4,3,2,0,4,1,3,3,4,3,4,3,3,2,8
0,4,4,4,0,1,0,4,4,4,4,4,4,4,4,3,5,5,3,4,4,4,4,3,3,4,4,1
3,3,2,3,3,3,2,4,2,2,3,3,3,3,3,2,4,1,3,4,5,2,3,4,3,3,2,6
3,3,2,2,2,2,2,3,3,3,4,4,3,4,3,2,3,3,2,4,3,2,2,4,3,2,3,6
4,4,4,3,3,5,3,5,4,5,5,5,5,5,5,3,5,5,3,3,5,5,3,5,3,5,4,20
2,3,2,2,2,3,2,4,4,4,2,2,4,2,3,2,5,4,2,2,4,4,3,4,2,4,4,0
3,3,3,3,4,4,3,3,4,4,5,4,4,4,4,4,3,3,4,4,3,3,3,3,4,4,3,3
5,5,5,3,3,3,5,5,5,5,5,5,5,5,5,1,5,5,3,5,5,5,5,5,5,5,3,6
4,4,4,4,4,5,5,5,4,5,5,5,4,5,5,5,4,4,4,4,4,3,3,4,4,3,4,5
3,3,3,3,2,2,2,5,4,4,4,4,4,4,3,2,5,5,2,4,3,3,5,4,2,3,3,9
1,1,1,1,1,1,1,3,3,3,3,3,3,3,2,1,5,3,1,3,3,3,3,4,1,1,1,2
3,2,1,3,3,1,1,3,3,3,3,4,3,3,3,3,3,3,1,1,3,1,1,3,3,3,1,0
1,1,1,1,1,1,1,4,1,3,1,3,2,1,1,1,3,1,1,1,3,1,1,4,1,1,4,0
5,5,4,3,5,4,4,5,5,5,5,5,5,5,4,4,5,5,5,5,5,5,4,5,5,4,4,8
3,3,1,3,1,3,1,4,4,3,4,4,2,1,2,1,4,3,1,4,5,1,2,4,3,4,2,5
2,2,2,3,3,3,3,3,3,3,3,3,3,3,3,3,4,3,2,1,3,3,3,4,4,3,4,11
3,2,2,4,3,2,1,4,4,3,3,3,4,4,3,1,4,4,1,1,3,4,3,4,3,3,3,2
3,3,3,3,3,3,3,4,3,3,3,3,4,3,3,3,4,4,3,3,4,4,4,4,3,3,3,9
4,3,4,4,3,2,2,4,4,4,4,4,4,4,3,3,4,5,1,4,4,3,3,4,3,4,4,6
4,2,2,2,2,2,2,4,4,2,4,4,4,4,4,2,5,5,4,5,4,5,2,5,2,2,4,4
3,3,1,3,1,4,1,4,3,4,3,4,5,5,3,1,4,4,1,3,3,4,3,5,3,3,4,3
5,3,1,4,4,5,5,2,5,5,2,4,4,4,4,2,4,4,1,4,2,4,2,5,4,4,4,3
3,2,3,3,3,3,3,5,5,5,5,5,5,5,5,1,5,5,5,5,5,5,3,5,3,5,5,3
2,3,1,3,2,1,1,4,4,4,3,2,4,4,2,1,5,5,2,1,4,4,2,5,3,3,4,6
5,4,4,5,5,5,3,5,5,5,5,5,5,5,5,5,5,5,3,5,5,5,5,5,5,5,5,7
2,3,1,1,1,1,1,2,3,4,4,4,5,4,4,1,4,4,1,1,3,5,5,0,3,4,4,1
2,3,0,3,1,1,1,2,3,2,2,1,1,2,1,1,3,2,3,4,2,1,3,4,1,1,3,1
1,1,2,4,2,1,1,3,2,2,3,3,4,2,1,1,4,4,2,1,4,3,1,4,2,2,3,3
3,3,3,3,3,5,4,4,4,4,4,4,4,4,4,2,5,4,3,4,4,4,4,5,3,4,4,9
2,1,1,3,2,1,1,3,3,2,4,3,3,3,3,2,4,3,1,2,3,3,3,4,3,1,4,2
4,4,4,4,4,4,5,5,5,5,5,5,5,5,5,3,5,5,5,5,5,5,4,5,3,5,5,7
2,1,1,2,1,1,1,2,2,2,2,2,1,2,2,1,2,3,1,1,2,1,2,4,2,2,2,1
0,4,4,3,4,0,2,4,4,4,4,4,4,5,4,4,4,3,3,5,4,3,4,5,5,4,3,-2
4,4,3,4,3,1,3,4,4,4,4,4,4,4,4,3,5,5,4,4,4,4,4,4,3,4,3,2
3,4,4,3,4,4,4,4,3,3,3,4,4,4,3,3,4,4,3,5,4,4,3,4,3,3,3,-1
4,4,4,4,4,4,4,4,5,4,4,5,4,4,4,4,4,4,5,5,4,4,4,4,4,4,4,7
4,4,4,4,4,3,2,4,4,3,4,4,5,4,3,3,5,3,3,4,4,2,2,5,4,3,4,-2
2,2,2,4,2,2,1,4,3,3,4,3,4,3,2,2,5,5,2,3,4,4,2,4,2,4,3,4
3,3,4,4,3,2,2,4,4,4,4,4,4,4,4,2,5,4,2,3,4,3,4,4,3,4,2,6
2,1,1,2,1,4,1,4,3,2,3,2,3,3,2,1,4,4,0,4,4,3,1,3,1,1,3,4
3,4,1,3,3,1,5,5,4,5,4,4,5,4,3,3,5,5,4,5,4,5,5,5,3,4,5,6
5,5,5,5,5,3,1,5,5,4,5,5,5,5,4,4,5,5,1,5,5,5,5,5,4,3,3,12
4,2,4,5,4,1,2,5,5,5,5,5,5,5,3,1,5,5,4,2,5,5,3,5,2,5,5,15
0,1,4,1,4,1,1,4,4,4,4,4,4,4,3,1,4,4,1,1,4,4,1,4,4,4,4,6
3,1,2,2,3,3,3,3,3,3,3,3,2,2,1,2,2,2,2,3,2,4,4,4,4,5,3,1
5,4,5,5,3,1,1,5,5,5,5,5,5,5,5,5,5,5,1,2,5,5,5,5,5,5,5,13
5,4,3,3,1,4,1,3,5,4,4,4,5,4,4,5,5,4,1,4,3,4,3,5,5,4,4,8
3,4,1,3,3,3,1,3,3,3,2,2,2,2,2,1,3,3,3,0,3,3,3,3,3,3,3,1
1,1,1,2,1,1,1,4,3,5,4,4,4,3,3,3,3,3,1,1,2,3,1,4,1,1,2,4
5,5,5,3,3,3,4,3,3,3,4,4,4,3,3,3,5,5,5,5,5,5,5,5,5,5,5,4
2,2,2,4,1,1,1,0,4,0,4,3,4,3,3,1,4,4,2,2,4,4,1,4,2,3,4,-5
4,3,4,3,4,2,4,4,4,4,5,5,5,5,4,3,5,4,4,5,5,5,3,4,3,5,3,11
5,4,3,2,4,1,3,5,5,5,5,5,5,5,5,3,5,4,5,5,5,4,5,5,3,5,2,2
3,3,4,4,4,3,3,5,4,5,4,3,5,5,4,1,5,5,1,5,5,4,1,5,3,3,4,5
2,2,1,2,1,1,1,2,2,2,3,2,4,3,3,1,4,3,2,4,2,2,2,3,3,3,2,3
1,1,1,3,1,1,1,5,5,5,5,4,5,1,4,1,5,5,1,3,2,1,1,5,1,4,4,18
0,1,1,3,1,3,1,3,3,3,3,3,3,3,3,1,4,4,1,3,3,2,1,4,3,4,4,4
4,3,1,1,3,2,4,2,4,4,4,4,4,4,4,2,4,4,2,4,2,4,4,5,2,2,4,2
3,4,4,5,3,5,5,4,4,3,3,3,4,4,2,3,5,4,4,4,3,4,5,5,5,0,3,10
1,1,1,1,1,1,1,1,1,1,5,1,5,3,1,1,5,4,1,1,1,4,1,4,1,1,3,0
3,4,2,4,4,2,4,4,4,3,4,4,4,4,3,2,4,3,2,4,5,3,3,4,3,2,4,3
3,2,2,2,2,2,1,4,4,4,4,4,5,4,3,2,5,4,2,2,4,4,3,4,3,4,3,0
5,5,1,1,5,5,5,5,5,5,5,5,5,5,5,5,5,5,5,5,5,1,5,5,5,1,1,19
3,3,3,3,3,3,3,4,4,4,4,4,4,4,4,3,4,3,3,4,4,4,3,4,3,3,4,4
3,3,3,3,3,3,3,3,3,3,3,3,3,3,3,3,3,3,3,3,3,3,3,3,3,3,3,0
3,3,2,3,3,2,2,3,3,2,3,3,4,4,3,2,4,3,2,3,4,3,2,4,2,2,3,1
4,3,2,2,3,2,3,4,4,3,4,4,4,4,4,2,5,4,4,4,3,3,5,5,4,3,3,7
2,2,2,4,3,3,3,4,4,4,4,4,4,4,4,4,4,0,3,3,4,4,4,4,4,4,4,7
1,1,1,1,1,1,1,4,4,4,4,4,4,4,4,1,4,4,1,3,4,4,1,4,3,4,4,9
2,1,2,2,1,1,1,1,2,2,4,1,3,2,2,1,4,2,2,2,2,4,2,4,2,2,2,0
2,2,1,3,3,3,1,3,3,3,4,3,4,4,3,1,4,4,1,1,3,4,1,4,2,2,4,4
0,0,0,0,0,0,0,0,0,0,0,0,0,0,0,0,0,0,0,0,0,0,0,0,0,0,0,4
5,5,5,5,4,4,5,5,5,5,5,5,4,4,4,4,5,5,5,5,5,5,5,5,5,5,5,-1
4,4,4,5,4,4,4,4,4,4,4,5,5,4,4,4,4,5,5,4,4,4,4,4,4,4,4,5
4,5,2,3,2,3,5,5,3,3,4,3,4,4,1,2,5,4,2,5,4,4,3,4,3,2,3,3
5,3,3,4,4,3,3,5,5,4,4,4,4,4,4,3,4,4,3,4,4,4,3,5,4,4,4,5
4,4,3,3,3,3,3,4,3,4,5,4,4,5,4,2,5,5,3,4,4,5,4,4,3,4,4,11
1,3,2,1,1,1,1,3,2,4,4,4,5,3,3,1,5,3,1,4,2,5,3,4,2,4,2,7
4,3,4,3,4,3,2,4,3,3,4,4,4,4,3,3,5,5,5,5,4,3,4,4,4,3,4,6
2,3,1,2,2,1,1,4,4,4,4,4,5,4,3,1,4,5,1,2,3,1,1,5,3,1,1,4
4,4,3,3,4,3,2,4,4,4,4,4,4,4,4,2,5,4,2,3,3,4,4,4,3,3,4,7
3,4,4,3,5,4,4,4,4,4,4,4,4,4,3,3,5,4,3,4,4,3,3,5,4,3,3,7
2,3,2,2,2,2,2,4,3,4,4,4,2,4,4,2,4,3,2,2,4,2,2,4,2,4,2,3
4,3,3,3,3,3,1,5,5,5,5,5,5,4,4,2,5,5,1,4,4,5,3,5,3,5,3,-9
3,3,3,3,3,3,3,3,3,3,3,3,3,3,3,3,5,4,3,2,4,3,3,3,3,3,3,5
1,1,1,1,1,1,1,1,1,1,2,3,1,1,1,1,2,2,1,2,1,1,1,3,1,1,1,0
5,5,5,5,5,4,5,5,5,4,5,4,5,5,3,4,4,5,5,5,5,2,4,5,5,4,4,5
2,3,3,2,2,2,2,3,3,4,3,2,3,2,2,2,4,2,2,3,0,2,2,4,3,2,2,7
5,5,4,3,3,3,3,3,4,4,4,4,5,4,5,5,5,5,3,3,3,5,5,5,5,3,5,1
4,2,2,4,1,1,2,2,4,4,4,2,5,4,2,1,5,5,2,4,2,5,4,5,3,2,5,12
3,3,2,4,2,2,2,4,4,3,3,4,4,4,3,1,5,4,3,4,4,5,3,4,2,2,3,2
4,3,4,4,4,2,4,5,5,3,5,4,4,4,4,3,4,4,4,4,4,3,3,4,3,3,4,6
3,2,1,2,3,3,2,3,4,1,4,4,4,4,2,2,4,4,1,4,4,3,2,2,2,3,2,4
3,2,3,2,2,2,2,4,4,4,4,4,4,4,3,2,5,5,4,4,4,4,4,4,2,4,4,2
3,2,4,4,2,2,1,5,4,4,4,4,4,5,4,2,5,5,2,3,5,2,2,5,3,4,4,3
1,3,2,2,1,1,1,3,2,2,2,2,4,3,1,1,3,4,1,1,3,2,2,4,1,2,2,3
3,3,3,3,3,4,3,4,3,4,4,4,4,3,3,2,4,4,3,4,3,4,3,4,4,3,4,9
4,3,3,4,2,1,1,4,4,4,4,4,4,4,3,1,4,3,2,2,3,1,4,5,4,2,4,0
0,0,0,0,0,0,0,0,0,0,0,0,0,0,0,0,0,0,0,0,0,0,0,0,0,0,0,1
2,1,1,1,1,1,1,1,1,1,1,1,1,1,1,1,1,1,1,1,1,1,1,1,1,1,2,0
1,1,1,1,1,1,1,1,1,1,1,1,1,1,1,1,1,1,1,1,1,1,1,1,1,1,1,0
1,1,1,1,1,1,1,3,4,5,4,4,5,4,4,1,5,5,1,1,3,3,1,5,3,5,5,5
5,3,4,3,3,4,4,4,4,4,4,4,4,4,4,3,5,5,4,4,4,3,3,5,3,5,4,5
3,3,3,3,3,3,3,3,3,3,3,3,3,3,3,3,5,5,1,1,4,3,2,4,3,3,3,4
4,4,2,4,5,2,2,4,4,4,4,4,4,5,2,2,4,4,4,2,3,2,3,5,4,2,2,8
5,5,5,4,4,4,4,4,4,4,4,4,4,4,4,4,5,5,5,5,5,5,5,5,5,5,5,5
3,3,3,3,3,3,4,4,3,3,3,3,3,3,3,3,4,0,4,5,3,3,3,4,3,3,3,9
4,1,3,3,4,4,1,5,5,5,4,5,5,5,3,3,5,5,1,5,5,3,3,5,3,3,3,5
4,3,3,3,2,2,4,4,3,2,4,4,4,4,3,2,5,3,3,3,4,4,4,4,3,2,4,7
5,4,4,5,4,2,2,5,5,5,5,5,5,5,5,4,5,5,5,5,5,0,2,5,5,5,5,13
3,3,3,3,1,1,4,2,3,4,4,4,4,4,4,1,5,4,1,2,1,3,2,5,1,1,3,6
1,1,1,3,1,1,1,3,3,4,4,4,4,4,0,1,5,4,1,1,5,4,1,5,2,5,3,-5
3,2,2,2,1,1,1,4,3,2,4,4,3,3,3,1,4,4,1,3,4,3,2,4,3,3,3,3
4,4,4,4,4,3,4,4,4,4,4,3,4,3,3,2,4,0,4,5,4,4,3,5,4,3,3,6
3,3,3,3,3,3,3,3,3,3,3,3,3,3,3,3,3,3,3,3,3,3,3,3,3,3,3,4
3,3,3,2,3,1,2,4,3,2,2,3,5,3,3,1,5,3,1,5,3,1,1,5,3,1,5,16
3,3,3,3,3,2,1,4,3,3,3,3,4,3,2,2,4,4,2,4,4,3,3,4,4,2,3,4
3,2,2,2,2,2,2,4,3,4,5,4,4,4,3,1,4,4,2,3,4,4,4,4,2,2,4,11
3,4,4,4,3,3,3,4,4,4,4,4,4,4,3,2,4,5,3,4,3,4,4,5,3,2,4,5
4,3,2,5,3,1,1,3,3,3,4,4,4,4,2,2,5,5,1,3,3,1,3,4,3,2,4,4
1,1,1,3,1,1,1,4,3,3,3,2,2,2,2,1,2,2,1,1,4,2,1,3,1,2,3,3
4,3,3,4,2,3,1,4,4,4,4,4,4,4,3,2,4,4,2,2,4,4,4,5,3,3,3,5
3,3,3,3,2,2,2,4,4,3,4,3,3,4,3,2,4,4,1,4,4,3,3,3,3,4,3,-1
3,3,3,3,3,3,3,3,3,3,3,3,3,3,3,3,3,3,3,3,3,3,3,3,3,3,3,0
3,2,2,2,2,2,2,3,3,3,4,4,4,4,3,2,4,4,2,4,3,4,3,4,3,2,3,4
3,3,4,2,2,2,1,4,4,4,4,4,5,4,3,1,5,5,3,3,4,5,3,5,3,4,4,7
4,4,3,3,3,2,3,4,4,5,4,3,4,4,4,3,5,4,3,4,4,3,3,4,3,3,4,7
1,1,3,4,1,1,1,4,3,4,4,4,4,4,4,1,4,4,1,2,4,4,2,4,1,3,1,4
1,3,1,1,1,1,1,3,2,2,2,2,4,3,2,1,4,4,1,4,3,4,4,4,2,1,4,2
4,3,2,3,4,1,4,4,4,3,2,2,4,2,2,2,5,4,2,4,3,4,2,4,3,2,3,6
2,2,2,2,2,2,2,3,3,2,4,4,4,4,3,2,4,2,1,1,1,1,1,4,1,1,4,2
3,3,3,3,3,3,3,4,4,4,4,3,4,4,4,2,4,3,2,4,3,2,2,4,3,4,3,-2
3,3,3,4,3,2,2,4,4,4,4,4,4,4,3,5,5,4,3,3,4,1,1,5,3,3,3,1
2,2,2,3,2,2,2,3,4,3,3,4,4,4,4,2,5,4,2,0,4,4,2,5,2,2,4,-1
4,3,3,4,4,3,4,5,5,5,5,5,5,5,3,3,5,5,3,4,5,4,3,5,4,4,3,7
2,2,2,1,1,1,1,1,1,1,1,1,1,1,1,1,2,2,2,2,2,2,2,2,2,2,2,8
3,3,4,4,3,3,3,3,4,4,3,4,4,4,3,3,5,5,2,3,3,4,3,5,3,3,4,10
1,1,1,1,1,1,1,1,1,1,1,1,1,1,1,1,1,1,1,1,1,1,1,1,1,1,1,12
3,4,3,3,3,2,2,4,4,4,4,3,4,4,3,3,4,4,2,5,4,2,4,4,3,3,3,-3
3,2,3,3,3,2,1,4,4,3,5,4,4,4,3,2,5,5,1,3,3,3,1,5,3,4,4,9
1,3,1,1,1,1,1,3,3,1,4,3,1,1,1,1,4,4,1,1,2,1,1,4,1,1,4,-3
1,1,1,1,1,1,1,1,1,1,1,1,1,1,1,1,2,2,1,3,1,1,1,1,1,1,1,0
1,1,1,1,1,1,1,3,2,2,2,1,3,4,2,1,3,3,1,4,5,2,1,4,2,1,2,-1
3,3,3,3,3,3,3,3,3,3,3,3,3,3,3,3,3,3,3,3,3,3,3,3,3,3,3,3
4,3,4,4,3,2,4,4,4,4,4,4,4,4,3,2,4,4,3,4,4,4,3,4,3,4,4,-3
5,4,4,4,3,3,3,5,5,5,5,5,5,5,5,2,5,4,3,4,5,4,4,5,4,5,5,5
2,2,2,4,3,2,1,4,4,4,4,4,4,4,2,2,4,4,2,2,4,2,3,4,2,4,4,15
5,5,5,1,4,5,5,5,5,5,5,5,5,5,5,5,5,5,5,5,5,5,5,5,5,5,5,10
3,3,4,5,4,2,2,5,4,4,4,3,3,4,3,1,4,4,2,1,4,2,2,4,4,2,4,7
4,3,2,4,2,4,5,4,4,5,4,4,4,4,3,2,5,5,5,5,2,4,5,5,4,4,4,6
1,1,1,3,1,1,1,1,4,4,4,4,4,4,3,1,4,4,1,1,4,4,1,4,1,4,1,2
4,3,2,2,2,2,2,2,3,4,4,4,4,4,3,2,4,4,1,4,3,4,4,4,2,2,2,3
1,1,1,2,2,2,1,2,2,2,2,2,4,4,2,1,4,2,2,2,3,4,1,4,1,1,4,5
3,3,3,1,1,3,4,4,4,4,4,4,4,4,3,3,4,4,3,4,4,3,3,4,1,1,4,2
